sku,brand,category,current_status,excel_status,image_status,current_image,new_image,action,notes
03NDBP,Montescano,plumas,published,FALTA EN EXCEL ACTUALIZADO,FALTA FOTOGRAFÍA ACTUALIZADA,/products/03ndbp.webp,,FALTA EN EXCEL ACTUALIZADO; REQUIERE REVISIÓN; FALTA FOTOGRAFÍA,Ausencia no prueba retiro; conservar publicación anterior. Falta foto nueva con SKU exacto; conservar anterior.
311RPN,Montescano,plumas,published,FALTA EN EXCEL ACTUALIZADO,FALTA FOTOGRAFÍA ACTUALIZADA,/products/311rpn.webp,,FALTA EN EXCEL ACTUALIZADO; REQUIERE REVISIÓN; FALTA FOTOGRAFÍA,Ausencia no prueba retiro; conservar publicación anterior. Falta foto nueva con SKU exacto; conservar anterior.
40BPA,Montescano,plumas,published,FALTA EN EXCEL ACTUALIZADO,FALTA FOTOGRAFÍA ACTUALIZADA,/products/40bpa.webp,,FALTA EN EXCEL ACTUALIZADO; REQUIERE REVISIÓN; FALTA FOTOGRAFÍA,Ausencia no prueba retiro; conservar publicación anterior. Falta foto nueva con SKU exacto; conservar anterior.
40BPD,Montescano,plumas,published,FALTA EN EXCEL ACTUALIZADO,FALTA FOTOGRAFÍA ACTUALIZADA,/products/40bpd.webp,,FALTA EN EXCEL ACTUALIZADO; REQUIERE REVISIÓN; FALTA FOTOGRAFÍA,Ausencia no prueba retiro; conservar publicación anterior. Falta foto nueva con SKU exacto; conservar anterior.
40BPRPD,Montescano,plumas,published,FALTA EN EXCEL ACTUALIZADO,FALTA FOTOGRAFÍA ACTUALIZADA,/products/40bprpd.webp,,FALTA EN EXCEL ACTUALIZADO; REQUIERE REVISIÓN; FALTA FOTOGRAFÍA,Ausencia no prueba retiro; conservar publicación anterior. Falta foto nueva con SKU exacto; conservar anterior.
40RPD,Montescano,plumas,published,FALTA EN EXCEL ACTUALIZADO,FALTA FOTOGRAFÍA ACTUALIZADA,/products/40rpd.webp,,FALTA EN EXCEL ACTUALIZADO; REQUIERE REVISIÓN; FALTA FOTOGRAFÍA,Ausencia no prueba retiro; conservar publicación anterior. Falta foto nueva con SKU exacto; conservar anterior.
482GBP,Montescano,plumas,published,FALTA EN EXCEL ACTUALIZADO,FALTA FOTOGRAFÍA ACTUALIZADA,/products/482gbp.webp,,FALTA EN EXCEL ACTUALIZADO; REQUIERE REVISIÓN; FALTA FOTOGRAFÍA,Ausencia no prueba retiro; conservar publicación anterior. Falta foto nueva con SKU exacto; conservar anterior.
499BPP,Montescano,plumas,published,FALTA EN EXCEL ACTUALIZADO,FALTA FOTOGRAFÍA ACTUALIZADA,/products/499bpp.webp,,FALTA EN EXCEL ACTUALIZADO; REQUIERE REVISIÓN; FALTA FOTOGRAFÍA,Ausencia no prueba retiro; conservar publicación anterior. Falta foto nueva con SKU exacto; conservar anterior.
630AZBP,Montescano,plumas,published,FALTA EN EXCEL ACTUALIZADO,FALTA FOTOGRAFÍA ACTUALIZADA,/products/630azbp.webp,,FALTA EN EXCEL ACTUALIZADO; REQUIERE REVISIÓN; FALTA FOTOGRAFÍA,Ausencia no prueba retiro; conservar publicación anterior. Falta foto nueva con SKU exacto; conservar anterior.
655AZBP,Montescano,plumas,published,FALTA EN EXCEL ACTUALIZADO,FALTA FOTOGRAFÍA ACTUALIZADA,/products/655azbp.webp,,FALTA EN EXCEL ACTUALIZADO; REQUIERE REVISIÓN; FALTA FOTOGRAFÍA,Ausencia no prueba retiro; conservar publicación anterior. Falta foto nueva con SKU exacto; conservar anterior.
7188PBP,Montescano,plumas,published,FALTA EN EXCEL ACTUALIZADO,FALTA FOTOGRAFÍA ACTUALIZADA,/products/7188pbp.webp,,FALTA EN EXCEL ACTUALIZADO; REQUIERE REVISIÓN; FALTA FOTOGRAFÍA,Ausencia no prueba retiro; conservar publicación anterior. Falta foto nueva con SKU exacto; conservar anterior.
7506TTRP,Montescano,plumas,published,FALTA EN EXCEL ACTUALIZADO,FALTA FOTOGRAFÍA ACTUALIZADA,/products/7506ttrp.webp,,FALTA EN EXCEL ACTUALIZADO; REQUIERE REVISIÓN; FALTA FOTOGRAFÍA,Ausencia no prueba retiro; conservar publicación anterior. Falta foto nueva con SKU exacto; conservar anterior.
906BPR,Montescano,plumas,published,FALTA EN EXCEL ACTUALIZADO,FALTA FOTOGRAFÍA ACTUALIZADA,/products/906bpr.webp,,FALTA EN EXCEL ACTUALIZADO; REQUIERE REVISIÓN; FALTA FOTOGRAFÍA,Ausencia no prueba retiro; conservar publicación anterior. Falta foto nueva con SKU exacto; conservar anterior.
AACD9173,,,no existe,ENCONTRADO,CANDIDATA; REQUIERE REVISIÓN,,AACD9173-1-.jpg; AACD9173-2-.jpg; AACD9173-3.jpg,NUEVO PRODUCTO; REQUIERE REVISIÓN,Alta interna oculta; categoría y variantes pendientes.
AB5341,Vizanti,vizanti,published,ENCONTRADO,VALIDADA,/products/ab5341.webp,AB5341-1.jpg; AB5341-2.jpg; AB5341-3.jpg; AB5341-4.jpg,ACTUALIZAR INFORMACIÓN; ACTUALIZAR FOTOGRAFÍA,Fuente INFO WEB Q:T. Disponibilidad comercial sin cantidades.
AN5341,VIZANTI,,no existe,ENCONTRADO,FALTA FOTOGRAFÍA ACTUALIZADA,,,NUEVO PRODUCTO; REQUIERE REVISIÓN; FALTA FOTOGRAFÍA,Alta interna oculta; categoría y variantes pendientes. Falta foto nueva con SKU exacto; conservar anterior.
ASCB5626,Montescano,montescano,published,ENCONTRADO,FALTA FOTOGRAFÍA ACTUALIZADA,/products/ascb5626.webp,,ACTUALIZAR INFORMACIÓN; FALTA FOTOGRAFÍA,Fuente INFO WEB Q:T. Disponibilidad comercial sin cantidades. Falta foto nueva con SKU exacto; conservar anterior.
ASDB5626,Montescano,montescano,published,ENCONTRADO,FALTA FOTOGRAFÍA ACTUALIZADA,/products/asdb5626.webp,,ACTUALIZAR INFORMACIÓN; FALTA FOTOGRAFÍA,Fuente INFO WEB Q:T. Disponibilidad comercial sin cantidades. Falta foto nueva con SKU exacto; conservar anterior.
ASDB7197,Montescano,montescano,published,ENCONTRADO,VALIDADA,/products/asdb7197.webp,ASDB7197-1.jpg; ASDB7197-2.jpg; ASDB7197-3.jpg,ACTUALIZAR INFORMACIÓN; ACTUALIZAR FOTOGRAFÍA,Fuente INFO WEB Q:T. Disponibilidad comercial sin cantidades.
RAS002A,MONTESCANO,,no existe,ENCONTRADO,FALTA FOTOGRAFÍA ACTUALIZADA,,,NUEVO PRODUCTO; REQUIERE REVISIÓN; FALTA FOTOGRAFÍA,Alta interna oculta; categoría y variantes pendientes. Falta foto nueva con SKU exacto; conservar anterior.
RAS002N,MONTESCANO,,no existe,ENCONTRADO,FALTA FOTOGRAFÍA ACTUALIZADA,,,NUEVO PRODUCTO; REQUIERE REVISIÓN; FALTA FOTOGRAFÍA,Alta interna oculta; categoría y variantes pendientes. Falta foto nueva con SKU exacto; conservar anterior.
RAS002P,MONTESCANO,,no existe,ENCONTRADO,FALTA FOTOGRAFÍA ACTUALIZADA,,,NUEVO PRODUCTO; REQUIERE REVISIÓN; FALTA FOTOGRAFÍA,Alta interna oculta; categoría y variantes pendientes. Falta foto nueva con SKU exacto; conservar anterior.
RAS003C,MONTESCANO,,no existe,ENCONTRADO,CANDIDATA; REQUIERE REVISIÓN,,940X1215_0000s_0010_RAS003C-2.jpg,NUEVO PRODUCTO; REQUIERE REVISIÓN,Alta interna oculta; categoría y variantes pendientes.
RAS003N,MONTESCANO,,no existe,ENCONTRADO,FALTA FOTOGRAFÍA ACTUALIZADA,,,NUEVO PRODUCTO; REQUIERE REVISIÓN; FALTA FOTOGRAFÍA,Alta interna oculta; categoría y variantes pendientes. Falta foto nueva con SKU exacto; conservar anterior.
RAS003P,MONTESCANO,,no existe,ENCONTRADO,FALTA FOTOGRAFÍA ACTUALIZADA,,,NUEVO PRODUCTO; REQUIERE REVISIÓN; FALTA FOTOGRAFÍA,Alta interna oculta; categoría y variantes pendientes. Falta foto nueva con SKU exacto; conservar anterior.
RAS004A,MONTESCANO,,no existe,ENCONTRADO,FALTA FOTOGRAFÍA ACTUALIZADA,,,NUEVO PRODUCTO; REQUIERE REVISIÓN; FALTA FOTOGRAFÍA,Alta interna oculta; categoría y variantes pendientes. Falta foto nueva con SKU exacto; conservar anterior.
RAS004C,MONTESCANO,,no existe,ENCONTRADO,CANDIDATA; REQUIERE REVISIÓN,,940X1215_0001s_0004_RAS004C-4 copia.jpg,NUEVO PRODUCTO; REQUIERE REVISIÓN,Alta interna oculta; categoría y variantes pendientes.
RAS004P,MONTESCANO,,no existe,ENCONTRADO,FALTA FOTOGRAFÍA ACTUALIZADA,,,NUEVO PRODUCTO; REQUIERE REVISIÓN; FALTA FOTOGRAFÍA,Alta interna oculta; categoría y variantes pendientes. Falta foto nueva con SKU exacto; conservar anterior.
RV2694,Vizanti,vizanti,published,FALTA EN EXCEL ACTUALIZADO,VALIDADA,/products/rv2694.webp,RV2694-1 940X1215.jpg; RV2694-2 940X1215.jpg; RV2694-3 940X1215.jpg,FALTA EN EXCEL ACTUALIZADO; REQUIERE REVISIÓN; ACTUALIZAR FOTOGRAFÍA,Ausencia no prueba retiro; conservar publicación anterior.
RVA2669,Vizanti,vizanti,published,FALTA EN EXCEL ACTUALIZADO,FALTA FOTOGRAFÍA ACTUALIZADA,/products/rva2669.webp,,FALTA EN EXCEL ACTUALIZADO; REQUIERE REVISIÓN; FALTA FOTOGRAFÍA,Ausencia no prueba retiro; conservar publicación anterior. Falta foto nueva con SKU exacto; conservar anterior.
RVA3384,Vizanti,vizanti,published,ENCONTRADO,FALTA FOTOGRAFÍA ACTUALIZADA,/products/rva3384.webp,,ACTUALIZAR INFORMACIÓN; FALTA FOTOGRAFÍA,Fuente INFO WEB Q:T. Disponibilidad comercial sin cantidades. Falta foto nueva con SKU exacto; conservar anterior.
RVA5301,Vizanti,vizanti,published,ENCONTRADO,FALTA FOTOGRAFÍA ACTUALIZADA,/products/rva5301.webp,,ACTUALIZAR INFORMACIÓN; FALTA FOTOGRAFÍA,Fuente INFO WEB Q:T. Disponibilidad comercial sin cantidades. Falta foto nueva con SKU exacto; conservar anterior.
RVA5757,Vizanti,vizanti,published,FALTA EN EXCEL ACTUALIZADO,FALTA FOTOGRAFÍA ACTUALIZADA,/products/rva5757.webp,,FALTA EN EXCEL ACTUALIZADO; REQUIERE REVISIÓN; FALTA FOTOGRAFÍA,Ausencia no prueba retiro; conservar publicación anterior. Falta foto nueva con SKU exacto; conservar anterior.
RVB 04,Vizanti,vizanti,published,FALTA EN EXCEL ACTUALIZADO,FALTA FOTOGRAFÍA ACTUALIZADA,/products/rvb-04.webp,,FALTA EN EXCEL ACTUALIZADO; REQUIERE REVISIÓN; FALTA FOTOGRAFÍA,Ausencia no prueba retiro; conservar publicación anterior. Falta foto nueva con SKU exacto; conservar anterior.
RVB 2642,Vizanti,vizanti,published,FALTA EN EXCEL ACTUALIZADO,FALTA FOTOGRAFÍA ACTUALIZADA,/products/rvb-2642.webp,,FALTA EN EXCEL ACTUALIZADO; REQUIERE REVISIÓN; FALTA FOTOGRAFÍA,Ausencia no prueba retiro; conservar publicación anterior. Falta foto nueva con SKU exacto; conservar anterior.
RVB15,VIZANTI,,no existe,ENCONTRADO,FALTA FOTOGRAFÍA ACTUALIZADA,,,NUEVO PRODUCTO; REQUIERE REVISIÓN; FALTA FOTOGRAFÍA,Alta interna oculta; categoría y variantes pendientes. Falta foto nueva con SKU exacto; conservar anterior.
RVB38,Vizanti,vizanti,published,FALTA EN EXCEL ACTUALIZADO,FALTA FOTOGRAFÍA ACTUALIZADA,/products/rvb38.webp,,FALTA EN EXCEL ACTUALIZADO; REQUIERE REVISIÓN; FALTA FOTOGRAFÍA,Ausencia no prueba retiro; conservar publicación anterior. Falta foto nueva con SKU exacto; conservar anterior.
RVC2663,VIZANTI,,no existe,ENCONTRADO,FALTA FOTOGRAFÍA ACTUALIZADA,,,NUEVO PRODUCTO; REQUIERE REVISIÓN; FALTA FOTOGRAFÍA,Alta interna oculta; categoría y variantes pendientes. Falta foto nueva con SKU exacto; conservar anterior.
RVD06,Vizanti,vizanti,published,ENCONTRADO,CANDIDATA; REQUIERE REVISIÓN,/products/rvd06.webp,RVD06 940x1215-1.jpg; RVD06 940x1215-2.jpg; RVD06 940x1215-3.jpg,ACTUALIZAR INFORMACIÓN,Fuente INFO WEB Q:T. Disponibilidad comercial sin cantidades.
RVD2202,Vizanti,vizanti,published,ENCONTRADO,CANDIDATA; REQUIERE REVISIÓN,/products/rvd2202.webp,RVD2202 940x1215-1.jpg; RVD2202 940x1215-2.jpg; RVD2202 940x1215-3.jpg,ACTUALIZAR INFORMACIÓN,Fuente INFO WEB Q:T. Disponibilidad comercial sin cantidades.
RVD2301,Vizanti,vizanti,published,ENCONTRADO,FALTA FOTOGRAFÍA ACTUALIZADA,/products/rvd2301.webp,,ACTUALIZAR INFORMACIÓN; FALTA FOTOGRAFÍA,Fuente INFO WEB Q:T. Disponibilidad comercial sin cantidades. Falta foto nueva con SKU exacto; conservar anterior.
RVD2302,Vizanti,vizanti,published,ENCONTRADO,FALTA FOTOGRAFÍA ACTUALIZADA,/products/rvd2302.webp,,ACTUALIZAR INFORMACIÓN; FALTA FOTOGRAFÍA,Fuente INFO WEB Q:T. Disponibilidad comercial sin cantidades. Falta foto nueva con SKU exacto; conservar anterior.
RVD2663,Vizanti,vizanti,published,ENCONTRADO,FALTA FOTOGRAFÍA ACTUALIZADA,/products/rvd2663.webp,,ACTUALIZAR INFORMACIÓN; FALTA FOTOGRAFÍA,Fuente INFO WEB Q:T. Disponibilidad comercial sin cantidades. Falta foto nueva con SKU exacto; conservar anterior.
RVD2664,Vizanti,vizanti,published,ENCONTRADO,FALTA FOTOGRAFÍA ACTUALIZADA,/products/rvd2664.webp,,ACTUALIZAR INFORMACIÓN; FALTA FOTOGRAFÍA,Fuente INFO WEB Q:T. Disponibilidad comercial sin cantidades. Falta foto nueva con SKU exacto; conservar anterior.
RVD2678,Vizanti,vizanti,published,ENCONTRADO,FALTA FOTOGRAFÍA ACTUALIZADA,/products/rvd2678.webp,,ACTUALIZAR INFORMACIÓN; FALTA FOTOGRAFÍA,Fuente INFO WEB Q:T. Disponibilidad comercial sin cantidades. Falta foto nueva con SKU exacto; conservar anterior.
RVD2689,Vizanti,vizanti,published,ENCONTRADO,FALTA FOTOGRAFÍA ACTUALIZADA,/products/rvd2689.webp,,ACTUALIZAR INFORMACIÓN; FALTA FOTOGRAFÍA,Fuente INFO WEB Q:T. Disponibilidad comercial sin cantidades. Falta foto nueva con SKU exacto; conservar anterior.
RVD2691,VIZANTI,,no existe,ENCONTRADO,CANDIDATA; REQUIERE REVISIÓN,,RVD2691-1.jpg; RVD2691-3.jpg,NUEVO PRODUCTO; REQUIERE REVISIÓN,Alta interna oculta; categoría y variantes pendientes.
RVD2693,Vizanti,vizanti,published,FALTA EN EXCEL ACTUALIZADO,FALTA FOTOGRAFÍA ACTUALIZADA,/products/rvd2693.webp,,FALTA EN EXCEL ACTUALIZADO; REQUIERE REVISIÓN; FALTA FOTOGRAFÍA,Ausencia no prueba retiro; conservar publicación anterior. Falta foto nueva con SKU exacto; conservar anterior.
RVD3454,Vizanti,vizanti,published,ENCONTRADO,VALIDADA,/products/rvd3454.webp,940X1215_0006s_0001_RVD3454-3.jpg; 940X1215_0006s_0002_RVD3454-2.jpg; 940X1215_0006s_0003_RVD3454-1.jpg,ACTUALIZAR INFORMACIÓN; ACTUALIZAR FOTOGRAFÍA,Fuente INFO WEB Q:T. Disponibilidad comercial sin cantidades.
RVD3469,Vizanti,vizanti,published,ENCONTRADO,VALIDADA,/products/rvd3469.webp,940X1215_0005s_0008_RVD3469-4.jpg; 940X1215_0005s_0009_RVD3469-3.jpg; 940X1215_0005s_0010_RVD3469-2.jpg; 940X1215_0005s_0011_RVD3469-1.jpg,ACTUALIZAR INFORMACIÓN; ACTUALIZAR FOTOGRAFÍA,Fuente INFO WEB Q:T. Disponibilidad comercial sin cantidades.
RVD3495,Vizanti,vizanti,published,ENCONTRADO,VALIDADA,/products/rvd3495.webp,940X1215_0007s_0012_RVD3495-4.jpg; 940X1215_0007s_0013_RVD3495-3.jpg; 940X1215_0007s_0014_RVD3495-2.jpg; 940X1215_0007s_0015_RVD3495-1.jpg,ACTUALIZAR INFORMACIÓN; ACTUALIZAR FOTOGRAFÍA,Fuente INFO WEB Q:T. Disponibilidad comercial sin cantidades.
RVD3549,Vizanti,vizanti,published,ENCONTRADO,VALIDADA,/products/rvd3549.webp,940X1215_0009s_0012_RVD3549-4.jpg; 940X1215_0009s_0013_RVD3549-3.jpg; 940X1215_0009s_0014_RVD3549-2.jpg; 940X1215_0009s_0015_RVD3549-1.jpg,ACTUALIZAR INFORMACIÓN; ACTUALIZAR FOTOGRAFÍA,Fuente INFO WEB Q:T. Disponibilidad comercial sin cantidades.
RVD9753,Vizanti,vizanti,published,ENCONTRADO,VALIDADA,/products/rvd9753.webp,RVD9753-1 940X1215 (1).jpg,ACTUALIZAR INFORMACIÓN; ACTUALIZAR FOTOGRAFÍA,Fuente INFO WEB Q:T. Disponibilidad comercial sin cantidades.
RVDA3468,Vizanti,vizanti,published,ENCONTRADO,FALTA FOTOGRAFÍA ACTUALIZADA,/products/rvda3468.webp,,ACTUALIZAR INFORMACIÓN; FALTA FOTOGRAFÍA,Fuente INFO WEB Q:T. Disponibilidad comercial sin cantidades. Falta foto nueva con SKU exacto; conservar anterior.
RVDB3494,Vizanti,vizanti,published,ENCONTRADO,VALIDADA,/products/rvdb3494.webp,940X1215_0008s_0012_RVDB3494-4.jpg; 940X1215_0008s_0013_RVDB3494-3.jpg; 940X1215_0008s_0014_RVDB3494-2.jpg; 940X1215_0008s_0015_RVDB3494-1.jpg,ACTUALIZAR INFORMACIÓN; ACTUALIZAR FOTOGRAFÍA,Fuente INFO WEB Q:T. Disponibilidad comercial sin cantidades.
RVDC3468,Vizanti,vizanti,published,ENCONTRADO,FALTA FOTOGRAFÍA ACTUALIZADA,/products/rvdc3468.webp,,ACTUALIZAR INFORMACIÓN; FALTA FOTOGRAFÍA,Fuente INFO WEB Q:T. Disponibilidad comercial sin cantidades. Falta foto nueva con SKU exacto; conservar anterior.
RVDC3494,Vizanti,vizanti,published,ENCONTRADO,VALIDADA,/products/rvdc3494.webp,RVDC3494-1 940X1215.jpg; RVDC3494-2 940X1215.jpg; RVDC3494-3 940X1215.jpg; RVDC3494-4 940X1215.jpg,ACTUALIZAR INFORMACIÓN; ACTUALIZAR FOTOGRAFÍA,Fuente INFO WEB Q:T. Disponibilidad comercial sin cantidades.
RVDC3749,Vizanti,vizanti,published,ENCONTRADO,FALTA FOTOGRAFÍA ACTUALIZADA,/products/rvdc3749.webp,,ACTUALIZAR INFORMACIÓN; FALTA FOTOGRAFÍA,Fuente INFO WEB Q:T. Disponibilidad comercial sin cantidades. Falta foto nueva con SKU exacto; conservar anterior.
RVDC3751,Vizanti,vizanti,published,ENCONTRADO,FALTA FOTOGRAFÍA ACTUALIZADA,/products/rvdc3751.webp,,ACTUALIZAR INFORMACIÓN; FALTA FOTOGRAFÍA,Fuente INFO WEB Q:T. Disponibilidad comercial sin cantidades. Falta foto nueva con SKU exacto; conservar anterior.
RVDD3751,Vizanti,vizanti,published,ENCONTRADO,FALTA FOTOGRAFÍA ACTUALIZADA,/products/rvdd3751.webp,,ACTUALIZAR INFORMACIÓN; FALTA FOTOGRAFÍA,Fuente INFO WEB Q:T. Disponibilidad comercial sin cantidades. Falta foto nueva con SKU exacto; conservar anterior.
RVDD5301,Vizanti,vizanti,published,ENCONTRADO,FALTA FOTOGRAFÍA ACTUALIZADA,/products/rvdd5301.webp,,ACTUALIZAR INFORMACIÓN; FALTA FOTOGRAFÍA,Fuente INFO WEB Q:T. Disponibilidad comercial sin cantidades. Falta foto nueva con SKU exacto; conservar anterior.
RVDV3468,Vizanti,vizanti,published,ENCONTRADO,FALTA FOTOGRAFÍA ACTUALIZADA,/products/rvdv3468.webp,,ACTUALIZAR INFORMACIÓN; FALTA FOTOGRAFÍA,Fuente INFO WEB Q:T. Disponibilidad comercial sin cantidades. Falta foto nueva con SKU exacto; conservar anterior.
RVDV5301,Vizanti,vizanti,published,ENCONTRADO,FALTA FOTOGRAFÍA ACTUALIZADA,/products/rvdv5301.webp,,ACTUALIZAR INFORMACIÓN; FALTA FOTOGRAFÍA,Fuente INFO WEB Q:T. Disponibilidad comercial sin cantidades. Falta foto nueva con SKU exacto; conservar anterior.
RVN5756,Vizanti,vizanti,published,FALTA EN EXCEL ACTUALIZADO,FALTA FOTOGRAFÍA ACTUALIZADA,/products/rvn5756.webp,,FALTA EN EXCEL ACTUALIZADO; REQUIERE REVISIÓN; FALTA FOTOGRAFÍA,Ausencia no prueba retiro; conservar publicación anterior. Falta foto nueva con SKU exacto; conservar anterior.
RVP2686,Vizanti,vizanti,published,FALTA EN EXCEL ACTUALIZADO,VALIDADA,/products/rvp2686.webp,RVP2686-1 940x1215.jpg; RVP2686-2 940x1215.jpg; RVP2686-3.jpg,FALTA EN EXCEL ACTUALIZADO; REQUIERE REVISIÓN; ACTUALIZAR FOTOGRAFÍA,Ausencia no prueba retiro; conservar publicación anterior.
RVP2687,Vizanti,vizanti,published,FALTA EN EXCEL ACTUALIZADO,FALTA FOTOGRAFÍA ACTUALIZADA,/products/rvp2687.webp,,FALTA EN EXCEL ACTUALIZADO; REQUIERE REVISIÓN; FALTA FOTOGRAFÍA,Ausencia no prueba retiro; conservar publicación anterior. Falta foto nueva con SKU exacto; conservar anterior.
RVP3454,VIZANTI,,no existe,ENCONTRADO,CANDIDATA; REQUIERE REVISIÓN,,940X1215_0006s_0004_RVP3454-4.jpg; 940X1215_0006s_0005_RVP3454-3.jpg; 940X1215_0006s_0006_RVP3454-2.jpg; 940X1215_0006s_0007_RVP3454-1.jpg,NUEVO PRODUCTO; REQUIERE REVISIÓN,Alta interna oculta; categoría y variantes pendientes.
RVP38,Vizanti,vizanti,published,FALTA EN EXCEL ACTUALIZADO,FALTA FOTOGRAFÍA ACTUALIZADA,/products/rvp38.webp,,FALTA EN EXCEL ACTUALIZADO; REQUIERE REVISIÓN; FALTA FOTOGRAFÍA,Ausencia no prueba retiro; conservar publicación anterior. Falta foto nueva con SKU exacto; conservar anterior.
RVPA3495,Vizanti,vizanti,published,ENCONTRADO,VALIDADA,/products/rvpa3495.webp,RVPA3495-1 940X1215.jpg; RVPA3495-2 940X1215.jpg; RVPA3495-3 940X1215.jpg; RVPA3495-4 940X1215.jpg,ACTUALIZAR INFORMACIÓN; ACTUALIZAR FOTOGRAFÍA,Fuente INFO WEB Q:T. Disponibilidad comercial sin cantidades.
RVPA3549,Vizanti,vizanti,published,ENCONTRADO,VALIDADA,/products/rvpa3549.webp,RVPA3549-1 940X1215.jpg; RVPA3549-2 940X1215.jpg; RVPA3549-3 940X1215.jpg; RVPA3549-4 940X1215.jpg,ACTUALIZAR INFORMACIÓN; ACTUALIZAR FOTOGRAFÍA,Fuente INFO WEB Q:T. Disponibilidad comercial sin cantidades.
RVPD2201,Vizanti,vizanti,published,FALTA EN EXCEL ACTUALIZADO,VALIDADA,/products/rvpd2201.webp,RVPD2201 940x1215-1.jpg; RVPD2201 940x1215-2.jpg; RVPD2201 940x1215-3.jpg; RVPD2201-1 940X1215.jpg; RVPD2201-2 940X1215.jpg; RVPD2201-3 940X1215.jpg,FALTA EN EXCEL ACTUALIZADO; REQUIERE REVISIÓN; ACTUALIZAR FOTOGRAFÍA,Ausencia no prueba retiro; conservar publicación anterior.
RVPP2202,Vizanti,vizanti,published,ENCONTRADO,CANDIDATA; REQUIERE REVISIÓN,/products/rvpp2202.webp,RVPP2202 940x1215-1.jpg; RVPP2202 940x1215-2.jpg; RVPP2202 940x1215-3.jpg; RVPP2202-2 940X1215.jpg; RVPP2202-3 940X1215.jpg,ACTUALIZAR INFORMACIÓN,Fuente INFO WEB Q:T. Disponibilidad comercial sin cantidades.
RVPR3495,Vizanti,vizanti,published,ENCONTRADO,VALIDADA,/products/rvpr3495.webp,940X1215_0007s_0004_RVPR3495-4.jpg; 940X1215_0007s_0005_RVPR3495-3.jpg; 940X1215_0007s_0006_RVPR3495-2.jpg; 940X1215_0007s_0007_RVPR3495-1.jpg,ACTUALIZAR INFORMACIÓN; ACTUALIZAR FOTOGRAFÍA,Fuente INFO WEB Q:T. Disponibilidad comercial sin cantidades.
RVPV3549,Vizanti,vizanti,published,ENCONTRADO,VALIDADA,/products/rvpv3549.webp,RVPV3549-1 940X1215.jpg; RVPV3549-2 940X1215.jpg; RVPV3549-3 940X1215.jpg; RVPV3549-4 940X1215.jpg,ACTUALIZAR INFORMACIÓN; ACTUALIZAR FOTOGRAFÍA,Fuente INFO WEB Q:T. Disponibilidad comercial sin cantidades.
RVR15,Vizanti,vizanti,published,FALTA EN EXCEL ACTUALIZADO,VALIDADA,/products/rvr15.webp,RVR15-1 940x1215.jpg; RVR15-2 940x1215.jpg; RVR15-3 940x1215.jpg; RVR15-4 940x1215.jpg,FALTA EN EXCEL ACTUALIZADO; REQUIERE REVISIÓN; ACTUALIZAR FOTOGRAFÍA,Ausencia no prueba retiro; conservar publicación anterior.
RVR2201,Vizanti,vizanti,published,FALTA EN EXCEL ACTUALIZADO,CANDIDATA; REQUIERE REVISIÓN,/products/rvr2201.webp,RVR2201 940x1215-1.jpg; RVR2201 940x1215-2.jpg; RVR2201 940x1215-3.jpg,FALTA EN EXCEL ACTUALIZADO; REQUIERE REVISIÓN,Ausencia no prueba retiro; conservar publicación anterior.
RVR2664,Vizanti,vizanti,published,ENCONTRADO,FALTA FOTOGRAFÍA ACTUALIZADA,/products/rvr2664.webp,,ACTUALIZAR INFORMACIÓN; FALTA FOTOGRAFÍA,Fuente INFO WEB Q:T. Disponibilidad comercial sin cantidades. Falta foto nueva con SKU exacto; conservar anterior.
RVR2678,Vizanti,vizanti,published,FALTA EN EXCEL ACTUALIZADO,FALTA FOTOGRAFÍA ACTUALIZADA,/products/rvr2678.webp,,FALTA EN EXCEL ACTUALIZADO; REQUIERE REVISIÓN; FALTA FOTOGRAFÍA,Ausencia no prueba retiro; conservar publicación anterior. Falta foto nueva con SKU exacto; conservar anterior.
RVR2689,Vizanti,vizanti,published,ENCONTRADO,FALTA FOTOGRAFÍA ACTUALIZADA,/products/rvr2689.webp,,ACTUALIZAR INFORMACIÓN; FALTA FOTOGRAFÍA,Fuente INFO WEB Q:T. Disponibilidad comercial sin cantidades. Falta foto nueva con SKU exacto; conservar anterior.
RVR2692,Vizanti,vizanti,published,FALTA EN EXCEL ACTUALIZADO,CANDIDATA; REQUIERE REVISIÓN,/products/rvr2692.webp,RVR2692-1 940X1200.jpg; RVR2692-2 940X1200.jpg; RVR2692-3 940X1200.jpg,FALTA EN EXCEL ACTUALIZADO; REQUIERE REVISIÓN; CONFLICTO DE SKU,Ausencia no prueba retiro; conservar publicación anterior. Archivo -1 es reverso; conservar fotografía anterior.
RVR3454,Vizanti,vizanti,published,ENCONTRADO,VALIDADA,/products/rvr3454.webp,940X1215_0006s_0008_RVR3454-4.jpg; 940X1215_0006s_0009_RVR3454-3.jpg; 940X1215_0006s_0010_RVR3454-2.jpg; 940X1215_0006s_0011_RVR3454-1.jpg,ACTUALIZAR INFORMACIÓN; ACTUALIZAR FOTOGRAFÍA,Fuente INFO WEB Q:T. Disponibilidad comercial sin cantidades.
RVR3469,Vizanti,vizanti,published,ENCONTRADO,VALIDADA,/products/rvr3469.webp,940X1215_0005s_0000_RVR3469-4.jpg; 940X1215_0005s_0001_RVR3469-3.jpg; 940X1215_0005s_0002_RVR3469-2.jpg; 940X1215_0005s_0003_RVR3469-1.jpg,ACTUALIZAR INFORMACIÓN; ACTUALIZAR FOTOGRAFÍA,Fuente INFO WEB Q:T. Disponibilidad comercial sin cantidades.
RVR3549,Vizanti,vizanti,published,ENCONTRADO,VALIDADA,/products/rvr3549.webp,940X1215_0009s_0000_RVR3549-4.jpg; 940X1215_0009s_0001_RVR3549-3.jpg; 940X1215_0009s_0002_RVR3549-2.jpg; 940X1215_0009s_0003_RVR3549-1.jpg,ACTUALIZAR INFORMACIÓN; ACTUALIZAR FOTOGRAFÍA,Fuente INFO WEB Q:T. Disponibilidad comercial sin cantidades.
RVR38,Vizanti,vizanti,published,FALTA EN EXCEL ACTUALIZADO,FALTA FOTOGRAFÍA ACTUALIZADA,/products/rvr38.webp,,FALTA EN EXCEL ACTUALIZADO; REQUIERE REVISIÓN; FALTA FOTOGRAFÍA,Ausencia no prueba retiro; conservar publicación anterior. Falta foto nueva con SKU exacto; conservar anterior.
RVR39,Vizanti,vizanti,published,ENCONTRADO,FALTA FOTOGRAFÍA ACTUALIZADA,/products/rvr39.webp,,ACTUALIZAR INFORMACIÓN; FALTA FOTOGRAFÍA,Fuente INFO WEB Q:T. Disponibilidad comercial sin cantidades. Falta foto nueva con SKU exacto; conservar anterior.
RVR9755,VIZANTI,,no existe,ENCONTRADO,CANDIDATA; REQUIERE REVISIÓN,,RVR9755-1 940X1215.jpg,NUEVO PRODUCTO; REQUIERE REVISIÓN,Alta interna oculta; categoría y variantes pendientes.
RVRR2681,Vizanti,vizanti,published,ENCONTRADO,FALTA FOTOGRAFÍA ACTUALIZADA,/products/rvrr2681.webp,,ACTUALIZAR INFORMACIÓN; FALTA FOTOGRAFÍA,Fuente INFO WEB Q:T. Disponibilidad comercial sin cantidades. Falta foto nueva con SKU exacto; conservar anterior.
RVT3469,Vizanti,vizanti,published,ENCONTRADO,VALIDADA,/products/rvt3469.webp,940X1215_0005s_0004_RVT3469-4.jpg; 940X1215_0005s_0005_RVT3469-3.jpg; 940X1215_0005s_0006_RVT3469-2.jpg; 940X1215_0005s_0007_RVT3469-1.jpg,ACTUALIZAR INFORMACIÓN; ACTUALIZAR FOTOGRAFÍA,Fuente INFO WEB Q:T. Disponibilidad comercial sin cantidades.
RVT3495,Vizanti,vizanti,published,ENCONTRADO,VALIDADA,/products/rvt3495.webp,940X1215_0007s_0000_RVT3495-4.jpg; 940X1215_0007s_0001_RVT3495-3.jpg; 940X1215_0007s_0002_RVT3495-2.jpg; 940X1215_0007s_0003_RVT3495-1.jpg,ACTUALIZAR INFORMACIÓN; ACTUALIZAR FOTOGRAFÍA,Fuente INFO WEB Q:T. Disponibilidad comercial sin cantidades.
RVTB3384,Vizanti,vizanti,published,ENCONTRADO,FALTA FOTOGRAFÍA ACTUALIZADA,/products/rvtb3384.webp,,ACTUALIZAR INFORMACIÓN; FALTA FOTOGRAFÍA,Fuente INFO WEB Q:T. Disponibilidad comercial sin cantidades. Falta foto nueva con SKU exacto; conservar anterior.
RVTB3468,Vizanti,vizanti,published,ENCONTRADO,FALTA FOTOGRAFÍA ACTUALIZADA,/products/rvtb3468.webp,,ACTUALIZAR INFORMACIÓN; FALTA FOTOGRAFÍA,Fuente INFO WEB Q:T. Disponibilidad comercial sin cantidades. Falta foto nueva con SKU exacto; conservar anterior.
RVTB3749,Vizanti,vizanti,published,ENCONTRADO,FALTA FOTOGRAFÍA ACTUALIZADA,/products/rvtb3749.webp,,ACTUALIZAR INFORMACIÓN; FALTA FOTOGRAFÍA,Fuente INFO WEB Q:T. Disponibilidad comercial sin cantidades. Falta foto nueva con SKU exacto; conservar anterior.
RVTB3751,Vizanti,vizanti,published,ENCONTRADO,FALTA FOTOGRAFÍA ACTUALIZADA,/products/rvtb3751.webp,,ACTUALIZAR INFORMACIÓN; FALTA FOTOGRAFÍA,Fuente INFO WEB Q:T. Disponibilidad comercial sin cantidades. Falta foto nueva con SKU exacto; conservar anterior.
RVTC3384,Vizanti,vizanti,published,ENCONTRADO,FALTA FOTOGRAFÍA ACTUALIZADA,/products/rvtc3384.webp,,ACTUALIZAR INFORMACIÓN; FALTA FOTOGRAFÍA,Fuente INFO WEB Q:T. Disponibilidad comercial sin cantidades. Falta foto nueva con SKU exacto; conservar anterior.
RVTD2309,Vizanti,vizanti,published,ENCONTRADO,FALTA FOTOGRAFÍA ACTUALIZADA,/products/rvtd2309.webp,,ACTUALIZAR INFORMACIÓN; FALTA FOTOGRAFÍA,Fuente INFO WEB Q:T. Disponibilidad comercial sin cantidades. Falta foto nueva con SKU exacto; conservar anterior.
RVTD3384,Vizanti,vizanti,published,ENCONTRADO,FALTA FOTOGRAFÍA ACTUALIZADA,/products/rvtd3384.webp,,ACTUALIZAR INFORMACIÓN; FALTA FOTOGRAFÍA,Fuente INFO WEB Q:T. Disponibilidad comercial sin cantidades. Falta foto nueva con SKU exacto; conservar anterior.
RVTD3468,Vizanti,vizanti,published,ENCONTRADO,FALTA FOTOGRAFÍA ACTUALIZADA,/products/rvtd3468.webp,,ACTUALIZAR INFORMACIÓN; FALTA FOTOGRAFÍA,Fuente INFO WEB Q:T. Disponibilidad comercial sin cantidades. Falta foto nueva con SKU exacto; conservar anterior.
RVTD3494,Vizanti,vizanti,published,ENCONTRADO,VALIDADA,/products/rvtd3494.webp,RVTD3494-1 940X1215.jpg; RVTD3494-2 940X1215.jpg; RVTD3494-3 940X1215.jpg; RVTD3494-4 940X1215.jpg,ACTUALIZAR INFORMACIÓN; ACTUALIZAR FOTOGRAFÍA,Fuente INFO WEB Q:T. Disponibilidad comercial sin cantidades.
RVTD3749,Vizanti,vizanti,published,ENCONTRADO,FALTA FOTOGRAFÍA ACTUALIZADA,/products/rvtd3749.webp,,ACTUALIZAR INFORMACIÓN; FALTA FOTOGRAFÍA,Fuente INFO WEB Q:T. Disponibilidad comercial sin cantidades. Falta foto nueva con SKU exacto; conservar anterior.
RVTD3751,Vizanti,vizanti,published,ENCONTRADO,FALTA FOTOGRAFÍA ACTUALIZADA,/products/rvtd3751.webp,,ACTUALIZAR INFORMACIÓN; FALTA FOTOGRAFÍA,Fuente INFO WEB Q:T. Disponibilidad comercial sin cantidades. Falta foto nueva con SKU exacto; conservar anterior.
RVTR2101,Vizanti,vizanti,published,ENCONTRADO,VALIDADA,/products/rvtr2101.webp,RVTR2101-1.jpg; RVTR2101-2.jpg; RVTR2101-trasera-.jpg,ACTUALIZAR INFORMACIÓN; ACTUALIZAR FOTOGRAFÍA,Fuente INFO WEB Q:T. Disponibilidad comercial sin cantidades.
RVTR3494,Vizanti,vizanti,published,ENCONTRADO,VALIDADA,/products/rvtr3494.webp,940X1215_0008s_0000_RVTR3494-4.jpg; 940X1215_0008s_0001_RVTR3494-3.jpg; 940X1215_0008s_0002_RVTR3494-2.jpg; 940X1215_0008s_0003_RVTR3494-1.jpg,ACTUALIZAR INFORMACIÓN; ACTUALIZAR FOTOGRAFÍA,Fuente INFO WEB Q:T. Disponibilidad comercial sin cantidades.
RVV5301,Vizanti,vizanti,published,ENCONTRADO,FALTA FOTOGRAFÍA ACTUALIZADA,/products/rvv5301.webp,,ACTUALIZAR INFORMACIÓN; FALTA FOTOGRAFÍA,Fuente INFO WEB Q:T. Disponibilidad comercial sin cantidades. Falta foto nueva con SKU exacto; conservar anterior.
SETM002A,Montescano,sets,published,FALTA EN EXCEL ACTUALIZADO,FALTA FOTOGRAFÍA ACTUALIZADA,/products/setm002a.webp,,FALTA EN EXCEL ACTUALIZADO; REQUIERE REVISIÓN; FALTA FOTOGRAFÍA,Ausencia no prueba retiro; conservar publicación anterior. Falta foto nueva con SKU exacto; conservar anterior.
SETM002N,Montescano,sets,published,FALTA EN EXCEL ACTUALIZADO,FALTA FOTOGRAFÍA ACTUALIZADA,/products/setm002n.webp,,FALTA EN EXCEL ACTUALIZADO; REQUIERE REVISIÓN; FALTA FOTOGRAFÍA,Ausencia no prueba retiro; conservar publicación anterior. Falta foto nueva con SKU exacto; conservar anterior.
SETM002P,Montescano,sets,published,FALTA EN EXCEL ACTUALIZADO,FALTA FOTOGRAFÍA ACTUALIZADA,/products/setm002p.webp,,FALTA EN EXCEL ACTUALIZADO; REQUIERE REVISIÓN; FALTA FOTOGRAFÍA,Ausencia no prueba retiro; conservar publicación anterior. Falta foto nueva con SKU exacto; conservar anterior.
SETM003N,Montescano,sets,published,FALTA EN EXCEL ACTUALIZADO,FALTA FOTOGRAFÍA ACTUALIZADA,/products/setm003n.webp,,FALTA EN EXCEL ACTUALIZADO; REQUIERE REVISIÓN; FALTA FOTOGRAFÍA,Ausencia no prueba retiro; conservar publicación anterior. Falta foto nueva con SKU exacto; conservar anterior.
SETM003P,Montescano,sets,published,FALTA EN EXCEL ACTUALIZADO,FALTA FOTOGRAFÍA ACTUALIZADA,/products/setm003p.webp,,FALTA EN EXCEL ACTUALIZADO; REQUIERE REVISIÓN; FALTA FOTOGRAFÍA,Ausencia no prueba retiro; conservar publicación anterior. Falta foto nueva con SKU exacto; conservar anterior.
SETM004A,Montescano,sets,published,FALTA EN EXCEL ACTUALIZADO,FALTA FOTOGRAFÍA ACTUALIZADA,/products/setm004a.webp,,FALTA EN EXCEL ACTUALIZADO; REQUIERE REVISIÓN; FALTA FOTOGRAFÍA,Ausencia no prueba retiro; conservar publicación anterior. Falta foto nueva con SKU exacto; conservar anterior.
SETM004C,Montescano,sets,published,FALTA EN EXCEL ACTUALIZADO,FALTA FOTOGRAFÍA ACTUALIZADA,/products/setm004c.webp,,FALTA EN EXCEL ACTUALIZADO; REQUIERE REVISIÓN; FALTA FOTOGRAFÍA,Ausencia no prueba retiro; conservar publicación anterior. Falta foto nueva con SKU exacto; conservar anterior.
SETM004P,Montescano,sets,published,FALTA EN EXCEL ACTUALIZADO,FALTA FOTOGRAFÍA ACTUALIZADA,/products/setm004p.webp,,FALTA EN EXCEL ACTUALIZADO; REQUIERE REVISIÓN; FALTA FOTOGRAFÍA,Ausencia no prueba retiro; conservar publicación anterior. Falta foto nueva con SKU exacto; conservar anterior.
SETMA0045,Montescano,sets,published,FALTA EN EXCEL ACTUALIZADO,FALTA FOTOGRAFÍA ACTUALIZADA,/products/setma0045.webp,,FALTA EN EXCEL ACTUALIZADO; REQUIERE REVISIÓN; FALTA FOTOGRAFÍA,Ausencia no prueba retiro; conservar publicación anterior. Falta foto nueva con SKU exacto; conservar anterior.
SETMA1005,Montescano,sets,published,FALTA EN EXCEL ACTUALIZADO,FALTA FOTOGRAFÍA ACTUALIZADA,/products/setma1005.webp,,FALTA EN EXCEL ACTUALIZADO; REQUIERE REVISIÓN; FALTA FOTOGRAFÍA,Ausencia no prueba retiro; conservar publicación anterior. Falta foto nueva con SKU exacto; conservar anterior.
SETMA1016A,Montescano,sets,published,FALTA EN EXCEL ACTUALIZADO,FALTA FOTOGRAFÍA ACTUALIZADA,/products/setma1016a.webp,,FALTA EN EXCEL ACTUALIZADO; REQUIERE REVISIÓN; FALTA FOTOGRAFÍA,Ausencia no prueba retiro; conservar publicación anterior. Falta foto nueva con SKU exacto; conservar anterior.
SETMA1016B,Montescano,sets,published,FALTA EN EXCEL ACTUALIZADO,FALTA FOTOGRAFÍA ACTUALIZADA,/products/setma1016b.webp,,FALTA EN EXCEL ACTUALIZADO; REQUIERE REVISIÓN; FALTA FOTOGRAFÍA,Ausencia no prueba retiro; conservar publicación anterior. Falta foto nueva con SKU exacto; conservar anterior.
SETMA1016C,Montescano,sets,published,FALTA EN EXCEL ACTUALIZADO,FALTA FOTOGRAFÍA ACTUALIZADA,/products/setma1016c.webp,,FALTA EN EXCEL ACTUALIZADO; REQUIERE REVISIÓN; FALTA FOTOGRAFÍA,Ausencia no prueba retiro; conservar publicación anterior. Falta foto nueva con SKU exacto; conservar anterior.
SETMA2313,Montescano,sets,published,FALTA EN EXCEL ACTUALIZADO,FALTA FOTOGRAFÍA ACTUALIZADA,/products/setma2313.webp,,FALTA EN EXCEL ACTUALIZADO; REQUIERE REVISIÓN; FALTA FOTOGRAFÍA,Ausencia no prueba retiro; conservar publicación anterior. Falta foto nueva con SKU exacto; conservar anterior.
SETMC0001,Montescano,sets,published,FALTA EN EXCEL ACTUALIZADO,FALTA FOTOGRAFÍA ACTUALIZADA,/products/setmc0001.webp,,FALTA EN EXCEL ACTUALIZADO; REQUIERE REVISIÓN; FALTA FOTOGRAFÍA,Ausencia no prueba retiro; conservar publicación anterior. Falta foto nueva con SKU exacto; conservar anterior.
SETMC6985A,Montescano,sets,published,FALTA EN EXCEL ACTUALIZADO,FALTA FOTOGRAFÍA ACTUALIZADA,/products/setmc6985a.webp,,FALTA EN EXCEL ACTUALIZADO; REQUIERE REVISIÓN; FALTA FOTOGRAFÍA,Ausencia no prueba retiro; conservar publicación anterior. Falta foto nueva con SKU exacto; conservar anterior.
SETMC6985B,Montescano,sets,published,FALTA EN EXCEL ACTUALIZADO,FALTA FOTOGRAFÍA ACTUALIZADA,/products/setmc6985b.webp,,FALTA EN EXCEL ACTUALIZADO; REQUIERE REVISIÓN; FALTA FOTOGRAFÍA,Ausencia no prueba retiro; conservar publicación anterior. Falta foto nueva con SKU exacto; conservar anterior.
SETMCW001A,Montescano,sets,published,FALTA EN EXCEL ACTUALIZADO,FALTA FOTOGRAFÍA ACTUALIZADA,/products/setmcw001a.webp,,FALTA EN EXCEL ACTUALIZADO; REQUIERE REVISIÓN; FALTA FOTOGRAFÍA,Ausencia no prueba retiro; conservar publicación anterior. Falta foto nueva con SKU exacto; conservar anterior.
SETMCW001B,Montescano,sets,unpublished,FALTA EN EXCEL ACTUALIZADO,FALTA FOTOGRAFÍA ACTUALIZADA,,,FALTA EN EXCEL ACTUALIZADO; REQUIERE REVISIÓN; CONFLICTO DE SKU; FALTA FOTOGRAFÍA,Ausencia no prueba retiro; conservar publicación anterior. Confirmar pluma sustituta y composición vigente. Falta foto nueva con SKU exacto; conservar anterior. Permanece oculto.
SETMCW002A,Montescano,sets,unpublished,FALTA EN EXCEL ACTUALIZADO,FALTA FOTOGRAFÍA ACTUALIZADA,,,FALTA EN EXCEL ACTUALIZADO; REQUIERE REVISIÓN; CONFLICTO DE SKU; FALTA FOTOGRAFÍA,Ausencia no prueba retiro; conservar publicación anterior. Confirmar pluma sustituta y composición vigente. Falta foto nueva con SKU exacto; conservar anterior. Permanece oculto.
SETMCW002B,Montescano,sets,unpublished,FALTA EN EXCEL ACTUALIZADO,FALTA FOTOGRAFÍA ACTUALIZADA,,,FALTA EN EXCEL ACTUALIZADO; REQUIERE REVISIÓN; CONFLICTO DE SKU; FALTA FOTOGRAFÍA,Ausencia no prueba retiro; conservar publicación anterior. Confirmar pluma sustituta y composición vigente. Falta foto nueva con SKU exacto; conservar anterior. Permanece oculto.
SETMN1021,Montescano,sets,published,FALTA EN EXCEL ACTUALIZADO,FALTA FOTOGRAFÍA ACTUALIZADA,/products/setmn1021.webp,,FALTA EN EXCEL ACTUALIZADO; REQUIERE REVISIÓN; FALTA FOTOGRAFÍA,Ausencia no prueba retiro; conservar publicación anterior. Falta foto nueva con SKU exacto; conservar anterior.
SETMN2201,Montescano,sets,published,FALTA EN EXCEL ACTUALIZADO,FALTA FOTOGRAFÍA ACTUALIZADA,/products/setmn2201.webp,,FALTA EN EXCEL ACTUALIZADO; REQUIERE REVISIÓN; FALTA FOTOGRAFÍA,Ausencia no prueba retiro; conservar publicación anterior. Falta foto nueva con SKU exacto; conservar anterior.
SETMN2311,Montescano,sets,published,FALTA EN EXCEL ACTUALIZADO,FALTA FOTOGRAFÍA ACTUALIZADA,/products/setmn2311.webp,,FALTA EN EXCEL ACTUALIZADO; REQUIERE REVISIÓN; FALTA FOTOGRAFÍA,Ausencia no prueba retiro; conservar publicación anterior. Falta foto nueva con SKU exacto; conservar anterior.
SETMN2312,Montescano,sets,published,FALTA EN EXCEL ACTUALIZADO,FALTA FOTOGRAFÍA ACTUALIZADA,/products/setmn2312.webp,,FALTA EN EXCEL ACTUALIZADO; REQUIERE REVISIÓN; FALTA FOTOGRAFÍA,Ausencia no prueba retiro; conservar publicación anterior. Falta foto nueva con SKU exacto; conservar anterior.
SETMN2316,Montescano,sets,published,FALTA EN EXCEL ACTUALIZADO,FALTA FOTOGRAFÍA ACTUALIZADA,/products/setmn2316.webp,,FALTA EN EXCEL ACTUALIZADO; REQUIERE REVISIÓN; FALTA FOTOGRAFÍA,Ausencia no prueba retiro; conservar publicación anterior. Falta foto nueva con SKU exacto; conservar anterior.
SETMN6982B,Montescano,sets,published,FALTA EN EXCEL ACTUALIZADO,FALTA FOTOGRAFÍA ACTUALIZADA,/products/setmn6982b.webp,,FALTA EN EXCEL ACTUALIZADO; REQUIERE REVISIÓN; FALTA FOTOGRAFÍA,Ausencia no prueba retiro; conservar publicación anterior. Falta foto nueva con SKU exacto; conservar anterior.
SETMN6985C,Montescano,sets,published,FALTA EN EXCEL ACTUALIZADO,FALTA FOTOGRAFÍA ACTUALIZADA,/products/setmn6985c.webp,,FALTA EN EXCEL ACTUALIZADO; REQUIERE REVISIÓN; FALTA FOTOGRAFÍA,Ausencia no prueba retiro; conservar publicación anterior. Falta foto nueva con SKU exacto; conservar anterior.
SETMN7090C,Montescano,sets,published,FALTA EN EXCEL ACTUALIZADO,FALTA FOTOGRAFÍA ACTUALIZADA,/products/setmn7090c.webp,,FALTA EN EXCEL ACTUALIZADO; REQUIERE REVISIÓN; FALTA FOTOGRAFÍA,Ausencia no prueba retiro; conservar publicación anterior. Falta foto nueva con SKU exacto; conservar anterior.
SETMN9010,Montescano,sets,published,FALTA EN EXCEL ACTUALIZADO,FALTA FOTOGRAFÍA ACTUALIZADA,/products/setmn9010.webp,,FALTA EN EXCEL ACTUALIZADO; REQUIERE REVISIÓN; FALTA FOTOGRAFÍA,Ausencia no prueba retiro; conservar publicación anterior. Falta foto nueva con SKU exacto; conservar anterior.
SETMN9017,Montescano,sets,published,FALTA EN EXCEL ACTUALIZADO,FALTA FOTOGRAFÍA ACTUALIZADA,/products/setmn9017.webp,,FALTA EN EXCEL ACTUALIZADO; REQUIERE REVISIÓN; FALTA FOTOGRAFÍA,Ausencia no prueba retiro; conservar publicación anterior. Falta foto nueva con SKU exacto; conservar anterior.
SETV2203,Vizanti,sets,published,FALTA EN EXCEL ACTUALIZADO,FALTA FOTOGRAFÍA ACTUALIZADA,/products/setv2203.webp,,FALTA EN EXCEL ACTUALIZADO; REQUIERE REVISIÓN; FALTA FOTOGRAFÍA,Ausencia no prueba retiro; conservar publicación anterior. Falta foto nueva con SKU exacto; conservar anterior.
SETV4002C,Vizanti,sets,published,FALTA EN EXCEL ACTUALIZADO,FALTA FOTOGRAFÍA ACTUALIZADA,/products/setv4002c.webp,,FALTA EN EXCEL ACTUALIZADO; REQUIERE REVISIÓN; FALTA FOTOGRAFÍA,Ausencia no prueba retiro; conservar publicación anterior. Falta foto nueva con SKU exacto; conservar anterior.
SETV4002G,Vizanti,sets,published,FALTA EN EXCEL ACTUALIZADO,FALTA FOTOGRAFÍA ACTUALIZADA,/products/setv4002g.webp,,FALTA EN EXCEL ACTUALIZADO; REQUIERE REVISIÓN; FALTA FOTOGRAFÍA,Ausencia no prueba retiro; conservar publicación anterior. Falta foto nueva con SKU exacto; conservar anterior.
SETV9811,Montescano,sets,published,FALTA EN EXCEL ACTUALIZADO,FALTA FOTOGRAFÍA ACTUALIZADA,/products/setv9811.webp,,FALTA EN EXCEL ACTUALIZADO; REQUIERE REVISIÓN; FALTA FOTOGRAFÍA,Ausencia no prueba retiro; conservar publicación anterior. Falta foto nueva con SKU exacto; conservar anterior.
SETVA2201,Vizanti,sets,published,FALTA EN EXCEL ACTUALIZADO,FALTA FOTOGRAFÍA ACTUALIZADA,/products/setva2201.webp,,FALTA EN EXCEL ACTUALIZADO; REQUIERE REVISIÓN; FALTA FOTOGRAFÍA,Ausencia no prueba retiro; conservar publicación anterior. Falta foto nueva con SKU exacto; conservar anterior.
SETVA5850,Vizanti,sets,published,FALTA EN EXCEL ACTUALIZADO,FALTA FOTOGRAFÍA ACTUALIZADA,/products/setva5850.webp,,FALTA EN EXCEL ACTUALIZADO; REQUIERE REVISIÓN; FALTA FOTOGRAFÍA,Ausencia no prueba retiro; conservar publicación anterior. Falta foto nueva con SKU exacto; conservar anterior.
SETVC2202,Vizanti,sets,unpublished,FALTA EN EXCEL ACTUALIZADO,FALTA FOTOGRAFÍA ACTUALIZADA,,,FALTA EN EXCEL ACTUALIZADO; REQUIERE REVISIÓN; CONFLICTO DE SKU; FALTA FOTOGRAFÍA,Ausencia no prueba retiro; conservar publicación anterior. Sin pluma según Linda; confirmar vigencia individual. Falta foto nueva con SKU exacto; conservar anterior. Permanece oculto.
SETVC5822,Vizanti,sets,published,FALTA EN EXCEL ACTUALIZADO,FALTA FOTOGRAFÍA ACTUALIZADA,/products/setvc5822.webp,,FALTA EN EXCEL ACTUALIZADO; REQUIERE REVISIÓN; FALTA FOTOGRAFÍA,Ausencia no prueba retiro; conservar publicación anterior. Falta foto nueva con SKU exacto; conservar anterior.
SETVN5635B,Vizanti,sets,published,FALTA EN EXCEL ACTUALIZADO,FALTA FOTOGRAFÍA ACTUALIZADA,/products/setvn5635b.webp,,FALTA EN EXCEL ACTUALIZADO; REQUIERE REVISIÓN; FALTA FOTOGRAFÍA,Ausencia no prueba retiro; conservar publicación anterior. Falta foto nueva con SKU exacto; conservar anterior.
SETVN5635R,Vizanti,sets,published,FALTA EN EXCEL ACTUALIZADO,FALTA FOTOGRAFÍA ACTUALIZADA,/products/setvn5635r.webp,,FALTA EN EXCEL ACTUALIZADO; REQUIERE REVISIÓN; FALTA FOTOGRAFÍA,Ausencia no prueba retiro; conservar publicación anterior. Falta foto nueva con SKU exacto; conservar anterior.
SETVN5637,Vizanti,sets,published,FALTA EN EXCEL ACTUALIZADO,FALTA FOTOGRAFÍA ACTUALIZADA,/products/setvn5637.webp,,FALTA EN EXCEL ACTUALIZADO; REQUIERE REVISIÓN; FALTA FOTOGRAFÍA,Ausencia no prueba retiro; conservar publicación anterior. Falta foto nueva con SKU exacto; conservar anterior.
SETVN5700,Vizanti,sets,published,FALTA EN EXCEL ACTUALIZADO,FALTA FOTOGRAFÍA ACTUALIZADA,/products/setvn5700.webp,,FALTA EN EXCEL ACTUALIZADO; REQUIERE REVISIÓN; FALTA FOTOGRAFÍA,Ausencia no prueba retiro; conservar publicación anterior. Falta foto nueva con SKU exacto; conservar anterior.
SETVN5850B,Vizanti,sets,published,FALTA EN EXCEL ACTUALIZADO,FALTA FOTOGRAFÍA ACTUALIZADA,/products/setvn5850b.webp,,FALTA EN EXCEL ACTUALIZADO; REQUIERE REVISIÓN; FALTA FOTOGRAFÍA,Ausencia no prueba retiro; conservar publicación anterior. Falta foto nueva con SKU exacto; conservar anterior.
SETVN5850R,Vizanti,sets,published,FALTA EN EXCEL ACTUALIZADO,FALTA FOTOGRAFÍA ACTUALIZADA,/products/setvn5850r.webp,,FALTA EN EXCEL ACTUALIZADO; REQUIERE REVISIÓN; FALTA FOTOGRAFÍA,Ausencia no prueba retiro; conservar publicación anterior. Falta foto nueva con SKU exacto; conservar anterior.
TACA1016,,,no existe,ENCONTRADO,CANDIDATA; REQUIERE REVISIÓN,,TACA1016-1 940x1215.jpg; TACA1016-2 940x1215.jpg; TACA1016-3 940x1215.jpg,NUEVO PRODUCTO; REQUIERE REVISIÓN,Alta interna oculta; categoría y variantes pendientes.
TACA2312,MONTESCANO,,no existe,ENCONTRADO,CANDIDATA; REQUIERE REVISIÓN,,940X1215_0004_TACA2312-4.jpg; 940X1215_0005_TACA2312-3.jpg; 940X1215_0006_TACA2312-2.jpg; TACA2312-1 940X1215.jpg,NUEVO PRODUCTO; REQUIERE REVISIÓN,Alta interna oculta; categoría y variantes pendientes.
TACA2314,Montescano,montescano,published,ENCONTRADO,VALIDADA,/products/taca2314.webp,940X1215_0002_TACA2314-2.jpg; TACA2314-1 940X1215.jpg; TACA2314-3 940X1215.jpg; TACA2314-4 940X1215.jpg,ACTUALIZAR FOTOGRAFÍA,
TACA9016,,,no existe,ENCONTRADO,CANDIDATA; REQUIERE REVISIÓN,,TACA9016-1.jpg; TACA9016-2.jpg; TACA9016-3.jpg,NUEVO PRODUCTO; REQUIERE REVISIÓN,Alta interna oculta; categoría y variantes pendientes.
TACB1016,Montescano,montescano,published,ENCONTRADO,VALIDADA,/products/tacb1016.webp,TACB1016-1 940x1215.jpg; TACB1016-2 940x1215.jpg; TACB1016-3 940x1215.jpg,ACTUALIZAR FOTOGRAFÍA,
TACB2310,Montescano,montescano,published,ENCONTRADO,FALTA FOTOGRAFÍA ACTUALIZADA,/products/tacb2310.webp,,ACTUALIZAR INFORMACIÓN; FALTA FOTOGRAFÍA,Fuente INFO WEB Q:T. Disponibilidad comercial sin cantidades. Falta foto nueva con SKU exacto; conservar anterior.
TACB3519,Montescano,montescano,published,ENCONTRADO,FALTA FOTOGRAFÍA ACTUALIZADA,/products/tacb3519.webp,,ACTUALIZAR INFORMACIÓN; FALTA FOTOGRAFÍA,Fuente INFO WEB Q:T. Disponibilidad comercial sin cantidades. Falta foto nueva con SKU exacto; conservar anterior.
TACB3519A,Montescano,montescano,published,ENCONTRADO,FALTA FOTOGRAFÍA ACTUALIZADA,/products/tacb3519a.webp,,ACTUALIZAR INFORMACIÓN; FALTA FOTOGRAFÍA,Fuente INFO WEB Q:T. Disponibilidad comercial sin cantidades. Falta foto nueva con SKU exacto; conservar anterior.
TACB3519B,Montescano,montescano,published,ENCONTRADO,FALTA FOTOGRAFÍA ACTUALIZADA,/products/tacb3519b.webp,,ACTUALIZAR INFORMACIÓN; FALTA FOTOGRAFÍA,Fuente INFO WEB Q:T. Disponibilidad comercial sin cantidades. Falta foto nueva con SKU exacto; conservar anterior.
TACB3519C,Montescano,montescano,published,ENCONTRADO,FALTA FOTOGRAFÍA ACTUALIZADA,/products/tacb3519c.webp,,ACTUALIZAR INFORMACIÓN; FALTA FOTOGRAFÍA,Fuente INFO WEB Q:T. Disponibilidad comercial sin cantidades. Falta foto nueva con SKU exacto; conservar anterior.
TACB3519D,Montescano,montescano,review,FALTA EN EXCEL ACTUALIZADO,FALTA FOTOGRAFÍA ACTUALIZADA,,,FALTA EN EXCEL ACTUALIZADO; REQUIERE REVISIÓN; FALTA FOTOGRAFÍA,Ausencia no prueba retiro; conservar publicación anterior. Falta foto nueva con SKU exacto; conservar anterior. Permanece oculto.
TACB3519E,Montescano,montescano,review,FALTA EN EXCEL ACTUALIZADO,FALTA FOTOGRAFÍA ACTUALIZADA,,,FALTA EN EXCEL ACTUALIZADO; REQUIERE REVISIÓN; FALTA FOTOGRAFÍA,Ausencia no prueba retiro; conservar publicación anterior. Falta foto nueva con SKU exacto; conservar anterior. Permanece oculto.
TACB3519F,Montescano,montescano,review,FALTA EN EXCEL ACTUALIZADO,FALTA FOTOGRAFÍA ACTUALIZADA,,,FALTA EN EXCEL ACTUALIZADO; REQUIERE REVISIÓN; FALTA FOTOGRAFÍA,Ausencia no prueba retiro; conservar publicación anterior. Falta foto nueva con SKU exacto; conservar anterior. Permanece oculto.
TACB3525,Montescano,montescano,published,ENCONTRADO,FALTA FOTOGRAFÍA ACTUALIZADA,/products/tacb3525.webp,,ACTUALIZAR INFORMACIÓN; FALTA FOTOGRAFÍA,Fuente INFO WEB Q:T. Disponibilidad comercial sin cantidades. Falta foto nueva con SKU exacto; conservar anterior.
TACB3525A,Montescano,montescano,published,ENCONTRADO,FALTA FOTOGRAFÍA ACTUALIZADA,/products/tacb3525a.webp,,ACTUALIZAR INFORMACIÓN; FALTA FOTOGRAFÍA,Fuente INFO WEB Q:T. Disponibilidad comercial sin cantidades. Falta foto nueva con SKU exacto; conservar anterior.
TACB3525B,Montescano,montescano,published,ENCONTRADO,FALTA FOTOGRAFÍA ACTUALIZADA,/products/tacb3525b.webp,,ACTUALIZAR INFORMACIÓN; FALTA FOTOGRAFÍA,Fuente INFO WEB Q:T. Disponibilidad comercial sin cantidades. Falta foto nueva con SKU exacto; conservar anterior.
TACB3525C,Montescano,montescano,published,ENCONTRADO,FALTA FOTOGRAFÍA ACTUALIZADA,/products/tacb3525c.webp,,ACTUALIZAR INFORMACIÓN; FALTA FOTOGRAFÍA,Fuente INFO WEB Q:T. Disponibilidad comercial sin cantidades. Falta foto nueva con SKU exacto; conservar anterior.
TACB3525D,Montescano,montescano,review,FALTA EN EXCEL ACTUALIZADO,FALTA FOTOGRAFÍA ACTUALIZADA,,,FALTA EN EXCEL ACTUALIZADO; REQUIERE REVISIÓN; FALTA FOTOGRAFÍA,Ausencia no prueba retiro; conservar publicación anterior. Falta foto nueva con SKU exacto; conservar anterior. Permanece oculto.
TACB3525E,Montescano,montescano,review,FALTA EN EXCEL ACTUALIZADO,FALTA FOTOGRAFÍA ACTUALIZADA,,,FALTA EN EXCEL ACTUALIZADO; REQUIERE REVISIÓN; FALTA FOTOGRAFÍA,Ausencia no prueba retiro; conservar publicación anterior. Falta foto nueva con SKU exacto; conservar anterior. Permanece oculto.
TACB3525F,Montescano,montescano,review,FALTA EN EXCEL ACTUALIZADO,FALTA FOTOGRAFÍA ACTUALIZADA,,,FALTA EN EXCEL ACTUALIZADO; REQUIERE REVISIÓN; FALTA FOTOGRAFÍA,Ausencia no prueba retiro; conservar publicación anterior. Falta foto nueva con SKU exacto; conservar anterior. Permanece oculto.
TACB3525G,Montescano,montescano,review,FALTA EN EXCEL ACTUALIZADO,FALTA FOTOGRAFÍA ACTUALIZADA,,,FALTA EN EXCEL ACTUALIZADO; REQUIERE REVISIÓN; FALTA FOTOGRAFÍA,Ausencia no prueba retiro; conservar publicación anterior. Falta foto nueva con SKU exacto; conservar anterior. Permanece oculto.
TACB5626,MONTESCANO,,no existe,ENCONTRADO,FALTA FOTOGRAFÍA ACTUALIZADA,,,NUEVO PRODUCTO; REQUIERE REVISIÓN; FALTA FOTOGRAFÍA,Alta interna oculta; categoría y variantes pendientes. Falta foto nueva con SKU exacto; conservar anterior.
TACB7088,Montescano,montescano,published,ENCONTRADO,VALIDADA,/products/tacb7088.webp,TACB7088-1.jpg; TACB7088-2.jpg; TACB7088-3.jpg,ACTUALIZAR INFORMACIÓN; ACTUALIZAR FOTOGRAFÍA,Fuente INFO WEB Q:T. Disponibilidad comercial sin cantidades.
TACB7088A,Montescano,montescano,published,ENCONTRADO,FALTA FOTOGRAFÍA ACTUALIZADA,/products/tacb7088a.webp,,ACTUALIZAR INFORMACIÓN; FALTA FOTOGRAFÍA,Fuente INFO WEB Q:T. Disponibilidad comercial sin cantidades. Falta foto nueva con SKU exacto; conservar anterior.
TACB9002,Montescano,montescano,published,ENCONTRADO,FALTA FOTOGRAFÍA ACTUALIZADA,/products/tacb9002.webp,,ACTUALIZAR INFORMACIÓN; FALTA FOTOGRAFÍA,Fuente INFO WEB Q:T. Disponibilidad comercial sin cantidades. Falta foto nueva con SKU exacto; conservar anterior.
TACB9002A,Montescano,montescano,published,ENCONTRADO,FALTA FOTOGRAFÍA ACTUALIZADA,/products/tacb9002a.webp,,ACTUALIZAR INFORMACIÓN; FALTA FOTOGRAFÍA,Fuente INFO WEB Q:T. Disponibilidad comercial sin cantidades. Falta foto nueva con SKU exacto; conservar anterior.
TACC2317,Montescano,montescano,published,ENCONTRADO,VALIDADA,/products/tacc2317.webp,940X1215_0008_TACC2317-3.jpg; 940X1215_0009_TACC2317-2.jpg; TACC2317-1 940X1215.jpg,ACTUALIZAR INFORMACIÓN; ACTUALIZAR FOTOGRAFÍA,Fuente INFO WEB Q:T. Disponibilidad comercial sin cantidades.
TACD2204,,,no existe,ENCONTRADO,CANDIDATA; REQUIERE REVISIÓN,,TACD2204-1 940x1215.jpg; TACD2204-2 940x1215.jpg; TACD2204-3 940x1215.jpg,NUEVO PRODUCTO; REQUIERE REVISIÓN,Alta interna oculta; categoría y variantes pendientes.
TACG1011,,,no existe,ENCONTRADO,CANDIDATA; REQUIERE REVISIÓN,,TACG1011-1 940x1215.jpg; TACG1011-2 940x1215.jpg; TACG1011-3 940x1215.jpg,NUEVO PRODUCTO; REQUIERE REVISIÓN,Alta interna oculta; categoría y variantes pendientes.
TACG1021,MONTESCANO,,no existe,ENCONTRADO,CANDIDATA; REQUIERE REVISIÓN,,TACG1021-1 940x1215.jpg; TACG1021-2 940x1215.jpg; TACG1021-3 940x1215.jpg,NUEVO PRODUCTO; REQUIERE REVISIÓN,Alta interna oculta; categoría y variantes pendientes.
TACG9013,,,no existe,ENCONTRADO,CANDIDATA; REQUIERE REVISIÓN,,TACG9013-NEGRO-1.jpg; TACG9013-NEGRO-2.jpg; TACG9013-NEGRO-3.jpg,NUEVO PRODUCTO; REQUIERE REVISIÓN,Alta interna oculta; categoría y variantes pendientes.
TACG9014,,,no existe,ENCONTRADO,CANDIDATA; REQUIERE REVISIÓN,,TACG9014-1.jpg; TACG9014-2.jpg; TACG9014-3.jpg,NUEVO PRODUCTO; REQUIERE REVISIÓN,Alta interna oculta; categoría y variantes pendientes.
TACGB2315,MONTESCANO,,no existe,ENCONTRADO,CANDIDATA; REQUIERE REVISIÓN,,940X1215_0050_TACGB2315-4.jpg; 940X1215_0051_TACGB2315-3.jpg; 940X1215_0052_TACGB2315-2.jpg; TACGB2315-1 940X1215.jpg,NUEVO PRODUCTO; REQUIERE REVISIÓN,Alta interna oculta; categoría y variantes pendientes.
TACGN2316,,,no existe,ENCONTRADO,CANDIDATA; REQUIERE REVISIÓN,,940X1215_0054_TACGN2316-4.jpg; 940X1215_0055_TACGN2316-3.jpg; 940X1215_0056_TACGN2316-2.jpg; TACGN2316-1 940X1215.jpg,NUEVO PRODUCTO; REQUIERE REVISIÓN,Alta interna oculta; categoría y variantes pendientes.
TACN1012,,,no existe,ENCONTRADO,CANDIDATA; REQUIERE REVISIÓN,,TACN1012-1 940x1215.jpg; TACN1012-2 940x1215.jpg; TACN1012-3 940x1215.jpg,NUEVO PRODUCTO; REQUIERE REVISIÓN,Alta interna oculta; categoría y variantes pendientes.
TACN1017,,,no existe,ENCONTRADO,CANDIDATA; REQUIERE REVISIÓN,,TACN1017-1 940x1215.jpg; TACN1017-2 940x1215.jpg; TACN1017-3 940x1215.jpg,NUEVO PRODUCTO; REQUIERE REVISIÓN,Alta interna oculta; categoría y variantes pendientes.
TACN1035,Montescano,montescano,published,ENCONTRADO,VALIDADA,/products/tacn1035.webp,TACN1035-1 940x1215.jpg; TACN1035-2 940x1215.jpg; TACN1035-3 940x1215.jpg,ACTUALIZAR INFORMACIÓN; ACTUALIZAR FOTOGRAFÍA,Fuente INFO WEB Q:T. Disponibilidad comercial sin cantidades.
TACN2201,MONTESCANO,,no existe,ENCONTRADO,CANDIDATA; REQUIERE REVISIÓN,,TACN2201-1 940x1215.jpg; TACN2201-2 940x1215.jpg; TACN2201-3 940x1215.jpg,NUEVO PRODUCTO; REQUIERE REVISIÓN,Alta interna oculta; categoría y variantes pendientes.
TACN2318,,,no existe,ENCONTRADO,FALTA FOTOGRAFÍA ACTUALIZADA,,,NUEVO PRODUCTO; REQUIERE REVISIÓN; FALTA FOTOGRAFÍA,Alta interna oculta; categoría y variantes pendientes. Falta foto nueva con SKU exacto; conservar anterior.
TACN7088,,,no existe,ENCONTRADO,CANDIDATA; REQUIERE REVISIÓN,,TACN7088-1.jpg; TACN7088-2.jpg; TACN7088-3.jpg,NUEVO PRODUCTO; REQUIERE REVISIÓN,Alta interna oculta; categoría y variantes pendientes.
TACN7090,,,no existe,ENCONTRADO,CANDIDATA; REQUIERE REVISIÓN,,TACN7090-1.jpg; TACN7090-2.jpg; TACN7090-3.jpg,NUEVO PRODUCTO; REQUIERE REVISIÓN,Alta interna oculta; categoría y variantes pendientes.
TACN7090C,MONTESCANO,,no existe,ENCONTRADO,FALTA FOTOGRAFÍA ACTUALIZADA,,,NUEVO PRODUCTO; REQUIERE REVISIÓN; FALTA FOTOGRAFÍA,Alta interna oculta; categoría y variantes pendientes. Falta foto nueva con SKU exacto; conservar anterior.
TACP9013,,,no existe,ENCONTRADO,CANDIDATA; REQUIERE REVISIÓN,,TACP9013-BLANCO-1.jpg; TACP9013-BLANCO-2.jpg; TACP9013-BLANCO-3.jpg,NUEVO PRODUCTO; REQUIERE REVISIÓN,Alta interna oculta; categoría y variantes pendientes.
TACR9010,MONTESCANO,,no existe,ENCONTRADO,CANDIDATA; REQUIERE REVISIÓN,,TACR9010-COLOR-1.jpg; TACR9010-COLOR-2.jpg; TACR9010-COLOR-3.jpg,NUEVO PRODUCTO; REQUIERE REVISIÓN,Alta interna oculta; categoría y variantes pendientes.
TACR9017,MONTESCANO,,no existe,ENCONTRADO,CANDIDATA; REQUIERE REVISIÓN,,TACR9017-1.jpg; TACR9017-2.jpg; TACR9017-3.jpg; TACR9017-ROJO-1.jpg; TACR9017-ROJO-2.jpg; TACR9017-ROJO-3.jpg; TACR9017-ROJO-4.jpg,NUEVO PRODUCTO; REQUIERE REVISIÓN,Alta interna oculta; categoría y variantes pendientes.
TACT7228,,,no existe,ENCONTRADO,CANDIDATA; REQUIERE REVISIÓN,,TACT7228-1.jpg; TACT7228-2.jpg; TACT7228-3.jpg,NUEVO PRODUCTO; REQUIERE REVISIÓN,Alta interna oculta; categoría y variantes pendientes.
TAD9001,Montescano,montescano,published,ENCONTRADO,VALIDADA,/products/tad9001.webp,TAD9001-1.jpg; TAD9001-2.jpg; TAD9001-3.jpg,ACTUALIZAR INFORMACIÓN; ACTUALIZAR FOTOGRAFÍA,Fuente INFO WEB Q:T. Disponibilidad comercial sin cantidades.
TADA2321,Montescano,montescano,published,ENCONTRADO,FALTA FOTOGRAFÍA ACTUALIZADA,/products/tada2321.webp,,FALTA FOTOGRAFÍA,Falta foto nueva con SKU exacto; conservar anterior.
TADA2323,Montescano,montescano,published,ENCONTRADO,CANDIDATA; REQUIERE REVISIÓN,/products/tada2323.webp,940X1215_0034_TADA2323-4.jpg; 940X1215_0035_TADA2323-3.jpg; 940X1215_0036_TADA2323-2.jpg; TADA2323-1 940X1215.jpg,CONFLICTO DE SKU; REQUIERE REVISIÓN,Excel describe carátula marmoleada; no confirmada en foto.
TADA2325,Montescano,montescano,published,FALTA EN EXCEL ACTUALIZADO,FALTA FOTOGRAFÍA ACTUALIZADA,/products/tada2325.webp,,FALTA EN EXCEL ACTUALIZADO; REQUIERE REVISIÓN; FALTA FOTOGRAFÍA,Ausencia no prueba retiro; conservar publicación anterior. Falta foto nueva con SKU exacto; conservar anterior.
TADB2322,Montescano,montescano,published,ENCONTRADO,VALIDADA,/products/tadb2322.webp,940X1215_0038_TADB2322-4.jpg; 940X1215_0039_TADB2322-3.jpg; 940X1215_0040_TADB2322-2.jpg; TADB2322-1 940X1215.jpg,ACTUALIZAR INFORMACIÓN; ACTUALIZAR FOTOGRAFÍA,Fuente INFO WEB Q:T. Disponibilidad comercial sin cantidades.
TADB3519,Montescano,montescano,published,ENCONTRADO,FALTA FOTOGRAFÍA ACTUALIZADA,/products/tadb3519.webp,,ACTUALIZAR INFORMACIÓN; FALTA FOTOGRAFÍA,Fuente INFO WEB Q:T. Disponibilidad comercial sin cantidades. Falta foto nueva con SKU exacto; conservar anterior.
TADB3519A,Montescano,montescano,published,ENCONTRADO,FALTA FOTOGRAFÍA ACTUALIZADA,/products/tadb3519a.webp,,ACTUALIZAR INFORMACIÓN; FALTA FOTOGRAFÍA,Fuente INFO WEB Q:T. Disponibilidad comercial sin cantidades. Falta foto nueva con SKU exacto; conservar anterior.
TADB3519B,Montescano,montescano,published,ENCONTRADO,FALTA FOTOGRAFÍA ACTUALIZADA,/products/tadb3519b.webp,,ACTUALIZAR INFORMACIÓN; FALTA FOTOGRAFÍA,Fuente INFO WEB Q:T. Disponibilidad comercial sin cantidades. Falta foto nueva con SKU exacto; conservar anterior.
TADB3519C,Montescano,montescano,review,FALTA EN EXCEL ACTUALIZADO,FALTA FOTOGRAFÍA ACTUALIZADA,,,FALTA EN EXCEL ACTUALIZADO; REQUIERE REVISIÓN; FALTA FOTOGRAFÍA,Ausencia no prueba retiro; conservar publicación anterior. Falta foto nueva con SKU exacto; conservar anterior. Permanece oculto.
TADB3519D,Montescano,montescano,review,FALTA EN EXCEL ACTUALIZADO,FALTA FOTOGRAFÍA ACTUALIZADA,,,FALTA EN EXCEL ACTUALIZADO; REQUIERE REVISIÓN; FALTA FOTOGRAFÍA,Ausencia no prueba retiro; conservar publicación anterior. Falta foto nueva con SKU exacto; conservar anterior. Permanece oculto.
TADB3525,Montescano,montescano,published,ENCONTRADO,FALTA FOTOGRAFÍA ACTUALIZADA,/products/tadb3525.webp,,ACTUALIZAR INFORMACIÓN; FALTA FOTOGRAFÍA,Fuente INFO WEB Q:T. Disponibilidad comercial sin cantidades. Falta foto nueva con SKU exacto; conservar anterior.
TADB3525A,Montescano,montescano,published,ENCONTRADO,FALTA FOTOGRAFÍA ACTUALIZADA,/products/tadb3525a.webp,,ACTUALIZAR INFORMACIÓN; FALTA FOTOGRAFÍA,Fuente INFO WEB Q:T. Disponibilidad comercial sin cantidades. Falta foto nueva con SKU exacto; conservar anterior.
TADB3525B,Montescano,montescano,published,ENCONTRADO,FALTA FOTOGRAFÍA ACTUALIZADA,/products/tadb3525b.webp,,ACTUALIZAR INFORMACIÓN; FALTA FOTOGRAFÍA,Fuente INFO WEB Q:T. Disponibilidad comercial sin cantidades. Falta foto nueva con SKU exacto; conservar anterior.
TADB3525D,Montescano,montescano,review,FALTA EN EXCEL ACTUALIZADO,FALTA FOTOGRAFÍA ACTUALIZADA,,,FALTA EN EXCEL ACTUALIZADO; REQUIERE REVISIÓN; FALTA FOTOGRAFÍA,Ausencia no prueba retiro; conservar publicación anterior. Falta foto nueva con SKU exacto; conservar anterior. Permanece oculto.
TADB5626,Montescano,montescano,published,ENCONTRADO,FALTA FOTOGRAFÍA ACTUALIZADA,/products/tadb5626.webp,,ACTUALIZAR INFORMACIÓN; FALTA FOTOGRAFÍA,Fuente INFO WEB Q:T. Disponibilidad comercial sin cantidades. Falta foto nueva con SKU exacto; conservar anterior.
TADB7088,Montescano,montescano,published,ENCONTRADO,VALIDADA,/products/tadb7088.webp,TADB7088-1.jpg; TADB7088-2.jpg; TADB7088-3.jpg,ACTUALIZAR INFORMACIÓN; ACTUALIZAR FOTOGRAFÍA,Fuente INFO WEB Q:T. Disponibilidad comercial sin cantidades.
TADB9002,Montescano,montescano,published,ENCONTRADO,FALTA FOTOGRAFÍA ACTUALIZADA,/products/tadb9002.webp,,ACTUALIZAR INFORMACIÓN; FALTA FOTOGRAFÍA,Fuente INFO WEB Q:T. Disponibilidad comercial sin cantidades. Falta foto nueva con SKU exacto; conservar anterior.
TADB9006A,MONTESCANO,,no existe,ENCONTRADO,FALTA FOTOGRAFÍA ACTUALIZADA,,,NUEVO PRODUCTO; REQUIERE REVISIÓN; FALTA FOTOGRAFÍA,Alta interna oculta; categoría y variantes pendientes. Falta foto nueva con SKU exacto; conservar anterior.
TADB9009,,,no existe,ENCONTRADO,FALTA FOTOGRAFÍA ACTUALIZADA,,,NUEVO PRODUCTO; REQUIERE REVISIÓN; FALTA FOTOGRAFÍA,Alta interna oculta; categoría y variantes pendientes. Falta foto nueva con SKU exacto; conservar anterior.
TADD9008,Montescano,montescano,published,ENCONTRADO,FALTA FOTOGRAFÍA ACTUALIZADA,/products/tadd9008.webp,,ACTUALIZAR INFORMACIÓN; FALTA FOTOGRAFÍA,Fuente INFO WEB Q:T. Disponibilidad comercial sin cantidades. Falta foto nueva con SKU exacto; conservar anterior.
TADP9002A,Montescano,montescano,published,ENCONTRADO,FALTA FOTOGRAFÍA ACTUALIZADA,/products/tadp9002a.webp,,ACTUALIZAR INFORMACIÓN; FALTA FOTOGRAFÍA,Fuente INFO WEB Q:T. Disponibilidad comercial sin cantidades. Falta foto nueva con SKU exacto; conservar anterior.
TADR1060,Montescano,montescano,published,ENCONTRADO,CANDIDATA; REQUIERE REVISIÓN,/products/tadr1060.webp,TADR1060-1 940X1215.jpg; TADR1060-1-2.jpg; TADR1060-1-3.jpg; TADR1060-1.jpg; TADR1060-3 940X1215.jpg; TADR1060-3.jpg,POSIBLE DUPLICADO; REQUIERE REVISIÓN; ACTUALIZAR INFORMACIÓN,Varios frontales; conservar imagen anterior. Fuente INFO WEB Q:T. Disponibilidad comercial sin cantidades.
TADR2020A,Montescano,montescano,published,ENCONTRADO,FALTA FOTOGRAFÍA ACTUALIZADA,/products/tadr2020a.webp,,ACTUALIZAR INFORMACIÓN; FALTA FOTOGRAFÍA,Fuente INFO WEB Q:T. Disponibilidad comercial sin cantidades. Falta foto nueva con SKU exacto; conservar anterior.
TADR2207,Montescano,montescano,published,ENCONTRADO,VALIDADA,/products/tadr2207.webp,TADR2207-1 940x1215.jpg; TADR2207-2 940x1215.jpg; TADR2207-3 940x1215.jpg,ACTUALIZAR FOTOGRAFÍA,
TADR2320,MONTESCANO,,no existe,ENCONTRADO,CANDIDATA; REQUIERE REVISIÓN,,940X1215_0042_TADR2320-4.jpg; 940X1215_0043_TADR2320-3.jpg; 940X1215_0044_TADR2320-2.jpg; TADR2320-1 940X1215.jpg,NUEVO PRODUCTO; REQUIERE REVISIÓN,Alta interna oculta; categoría y variantes pendientes.
TAFC44,,,no existe,ENCONTRADO,CANDIDATA; REQUIERE REVISIÓN,,TAFC44-1.jpg; TAFC44-2.jpg; TAFC44-3.jpg,NUEVO PRODUCTO; REQUIERE REVISIÓN,Alta interna oculta; categoría y variantes pendientes.
TAFC45,MONTESCANO,,no existe,ENCONTRADO,FALTA FOTOGRAFÍA ACTUALIZADA,,,NUEVO PRODUCTO; REQUIERE REVISIÓN; FALTA FOTOGRAFÍA,Alta interna oculta; categoría y variantes pendientes. Falta foto nueva con SKU exacto; conservar anterior.
TAFC4935,MONTESCANO,,no existe,ENCONTRADO,FALTA FOTOGRAFÍA ACTUALIZADA,,,NUEVO PRODUCTO; REQUIERE REVISIÓN; FALTA FOTOGRAFÍA,Alta interna oculta; categoría y variantes pendientes. Falta foto nueva con SKU exacto; conservar anterior.
TAFC50,,,no existe,ENCONTRADO,CANDIDATA; REQUIERE REVISIÓN,,TAFC50-1.jpg; TAFC50-2.jpg; TAFC50-3.jpg,NUEVO PRODUCTO; REQUIERE REVISIÓN,Alta interna oculta; categoría y variantes pendientes.
TAFC5036,Montescano,montescano,published,ENCONTRADO,FALTA FOTOGRAFÍA ACTUALIZADA,/products/tafc5036.webp,,ACTUALIZAR INFORMACIÓN; FALTA FOTOGRAFÍA,Fuente INFO WEB Q:T. Disponibilidad comercial sin cantidades. Falta foto nueva con SKU exacto; conservar anterior.
TAFC5332,Montescano,montescano,published,ENCONTRADO,FALTA FOTOGRAFÍA ACTUALIZADA,/products/tafc5332.webp,,ACTUALIZAR INFORMACIÓN; FALTA FOTOGRAFÍA,Fuente INFO WEB Q:T. Disponibilidad comercial sin cantidades. Falta foto nueva con SKU exacto; conservar anterior.
TAFC5333,Montescano,montescano,published,ENCONTRADO,FALTA FOTOGRAFÍA ACTUALIZADA,/products/tafc5333.webp,,ACTUALIZAR INFORMACIÓN; FALTA FOTOGRAFÍA,Fuente INFO WEB Q:T. Disponibilidad comercial sin cantidades. Falta foto nueva con SKU exacto; conservar anterior.
TAFCA1005,,,no existe,ENCONTRADO,CANDIDATA; REQUIERE REVISIÓN,,TAFCA1005-1 940x1215.jpg; TAFCA1005-1.jpg; TAFCA1005-2 940x1215.jpg; TAFCA1005-2.jpg; TAFCA1005-3 940x1215.jpg; TAFCA1005-3.jpg,NUEVO PRODUCTO; REQUIERE REVISIÓN,Alta interna oculta; categoría y variantes pendientes.
TAFCA1015,,,no existe,ENCONTRADO,FALTA FOTOGRAFÍA ACTUALIZADA,,,NUEVO PRODUCTO; REQUIERE REVISIÓN; FALTA FOTOGRAFÍA,Alta interna oculta; categoría y variantes pendientes. Falta foto nueva con SKU exacto; conservar anterior.
TAFCA1040,,,no existe,ENCONTRADO,CANDIDATA; REQUIERE REVISIÓN,,TAFCA1040-1 940x1215.jpg; TAFCA1040-2 940x1215.jpg; TAFCA1040-3 940x1215.jpg,NUEVO PRODUCTO; REQUIERE REVISIÓN,Alta interna oculta; categoría y variantes pendientes.
TAFCA2313,MONTESCANO,,no existe,ENCONTRADO,CANDIDATA; REQUIERE REVISIÓN,,940X1215_0011_TAFCA2313-3.jpg; 940X1215_0012_TAFCA2313-2.jpg; TAFCA2313-1 940X1215.jpg,NUEVO PRODUCTO; REQUIERE REVISIÓN,Alta interna oculta; categoría y variantes pendientes.
TAFCA61,MONTESCANO,,no existe,ENCONTRADO,CANDIDATA; REQUIERE REVISIÓN,,TAFCA61-1.jpg; TAFCA61-2.jpg; TAFCA61-3.jpg,NUEVO PRODUCTO; REQUIERE REVISIÓN,Alta interna oculta; categoría y variantes pendientes.
TAFCB05,,,no existe,ENCONTRADO,CANDIDATA; REQUIERE REVISIÓN,,TAFCB05-1.jpg; TAFCB05-2.jpg; TAFCB05-3.jpg,NUEVO PRODUCTO; REQUIERE REVISIÓN,Alta interna oculta; categoría y variantes pendientes.
TAFCB2311,MONTESCANO,,no existe,ENCONTRADO,CANDIDATA; REQUIERE REVISIÓN,,940X1215_0014_TAFCB2311-4.jpg; 940X1215_0015_TAFCB2311-3.jpg; 940X1215_0016_TAFCB2311-2.jpg; TAFCB2311-1 940X1215.jpg,NUEVO PRODUCTO; REQUIERE REVISIÓN,Alta interna oculta; categoría y variantes pendientes.
TAFCB60,Montescano,montescano,published,ENCONTRADO,FALTA FOTOGRAFÍA ACTUALIZADA,/products/tafcb60.webp,,ACTUALIZAR INFORMACIÓN; FALTA FOTOGRAFÍA,Fuente INFO WEB Q:T. Disponibilidad comercial sin cantidades. Falta foto nueva con SKU exacto; conservar anterior.
TAFCC1054,,,no existe,ENCONTRADO,CANDIDATA; REQUIERE REVISIÓN,,TAFCC1054-1.jpg; TAFCC1054-2.jpg; TAFCC1054-3.jpg,NUEVO PRODUCTO; REQUIERE REVISIÓN,Alta interna oculta; categoría y variantes pendientes.
TAFCD2202,,,no existe,ENCONTRADO,CANDIDATA; REQUIERE REVISIÓN,,TAFCD2202-1 940x1215.jpg; TAFCD2202-2 940x1215.jpg; TAFCD2202-3 940x1215.jpg,NUEVO PRODUCTO; REQUIERE REVISIÓN,Alta interna oculta; categoría y variantes pendientes.
TAFCG1005,,,no existe,ENCONTRADO,CANDIDATA; REQUIERE REVISIÓN,,TAFCG1005-1.jpg; TAFCG1005-2.jpg; TAFCG1005-3.jpg,NUEVO PRODUCTO; REQUIERE REVISIÓN,Alta interna oculta; categoría y variantes pendientes.
TAFCG3058,,,no existe,ENCONTRADO,FALTA FOTOGRAFÍA ACTUALIZADA,,,NUEVO PRODUCTO; REQUIERE REVISIÓN; FALTA FOTOGRAFÍA,Alta interna oculta; categoría y variantes pendientes. Falta foto nueva con SKU exacto; conservar anterior.
TAFCN1004,,,no existe,ENCONTRADO,CANDIDATA; REQUIERE REVISIÓN,,TAFCN1004-1 940x1215.jpg; TAFCN1004-1.jpg; TAFCN1004-2 940x1215.jpg; TAFCN1004-2.jpg; TAFCN1004-3 940x1215.jpg; TAFCN1004-3.jpg,NUEVO PRODUCTO; REQUIERE REVISIÓN,Alta interna oculta; categoría y variantes pendientes.
TAFCN1093,,,no existe,ENCONTRADO,CANDIDATA; REQUIERE REVISIÓN,,TAFCN1093-1.jpg; TAFCN1093-2.jpg; TAFCN1093-3.jpg,NUEVO PRODUCTO; REQUIERE REVISIÓN,Alta interna oculta; categoría y variantes pendientes.
TAFCN3053,MONTESCANO,,no existe,ENCONTRADO,FALTA FOTOGRAFÍA ACTUALIZADA,,,NUEVO PRODUCTO; REQUIERE REVISIÓN; FALTA FOTOGRAFÍA,Alta interna oculta; categoría y variantes pendientes. Falta foto nueva con SKU exacto; conservar anterior.
TAFCP3038,,,no existe,ENCONTRADO,CANDIDATA; REQUIERE REVISIÓN,,TAFCP3038-1.jpg; TAFCP3038-2.jpg; TAFCP3038-3.jpg,NUEVO PRODUCTO; REQUIERE REVISIÓN,Alta interna oculta; categoría y variantes pendientes.
TAGB2209,Montescano,montescano,published,ENCONTRADO,VALIDADA,/products/tagb2209.webp,TAGB2209-1 940x1215.jpg; TAGB2209-2 940x1215.jpg; TAGB2209-3 940x1215.jpg,ACTUALIZAR INFORMACIÓN; ACTUALIZAR FOTOGRAFÍA,Fuente INFO WEB Q:T. Disponibilidad comercial sin cantidades.
TAGC03,,,no existe,ENCONTRADO,CANDIDATA; REQUIERE REVISIÓN,,TAGC03-1.jpg; TAGC03-2.jpg; TAGC03-3.jpg,NUEVO PRODUCTO; REQUIERE REVISIÓN,Alta interna oculta; categoría y variantes pendientes.
TAGC3519,Montescano,montescano,published,ENCONTRADO,FALTA FOTOGRAFÍA ACTUALIZADA,/products/tagc3519.webp,,ACTUALIZAR INFORMACIÓN; FALTA FOTOGRAFÍA,Fuente INFO WEB Q:T. Disponibilidad comercial sin cantidades. Falta foto nueva con SKU exacto; conservar anterior.
TAGC3519A,Montescano,montescano,published,ENCONTRADO,FALTA FOTOGRAFÍA ACTUALIZADA,/products/tagc3519a.webp,,ACTUALIZAR INFORMACIÓN; FALTA FOTOGRAFÍA,Fuente INFO WEB Q:T. Disponibilidad comercial sin cantidades. Falta foto nueva con SKU exacto; conservar anterior.
TAGC3519B,Montescano,montescano,published,ENCONTRADO,FALTA FOTOGRAFÍA ACTUALIZADA,/products/tagc3519b.webp,,ACTUALIZAR INFORMACIÓN; FALTA FOTOGRAFÍA,Fuente INFO WEB Q:T. Disponibilidad comercial sin cantidades. Falta foto nueva con SKU exacto; conservar anterior.
TAGC3519C,Montescano,montescano,review,FALTA EN EXCEL ACTUALIZADO,FALTA FOTOGRAFÍA ACTUALIZADA,,,FALTA EN EXCEL ACTUALIZADO; REQUIERE REVISIÓN; FALTA FOTOGRAFÍA,Ausencia no prueba retiro; conservar publicación anterior. Falta foto nueva con SKU exacto; conservar anterior. Permanece oculto.
TAGC3519D,Montescano,montescano,review,FALTA EN EXCEL ACTUALIZADO,FALTA FOTOGRAFÍA ACTUALIZADA,,,FALTA EN EXCEL ACTUALIZADO; REQUIERE REVISIÓN; FALTA FOTOGRAFÍA,Ausencia no prueba retiro; conservar publicación anterior. Falta foto nueva con SKU exacto; conservar anterior. Permanece oculto.
TAGC3525,Montescano,montescano,published,ENCONTRADO,FALTA FOTOGRAFÍA ACTUALIZADA,/products/tagc3525.webp,,ACTUALIZAR INFORMACIÓN; FALTA FOTOGRAFÍA,Fuente INFO WEB Q:T. Disponibilidad comercial sin cantidades. Falta foto nueva con SKU exacto; conservar anterior.
TAGC3525A,Montescano,montescano,published,ENCONTRADO,FALTA FOTOGRAFÍA ACTUALIZADA,/products/tagc3525a.webp,,ACTUALIZAR INFORMACIÓN; FALTA FOTOGRAFÍA,Fuente INFO WEB Q:T. Disponibilidad comercial sin cantidades. Falta foto nueva con SKU exacto; conservar anterior.
TAGC3525B,Montescano,montescano,published,ENCONTRADO,FALTA FOTOGRAFÍA ACTUALIZADA,/products/tagc3525b.webp,,ACTUALIZAR INFORMACIÓN; FALTA FOTOGRAFÍA,Fuente INFO WEB Q:T. Disponibilidad comercial sin cantidades. Falta foto nueva con SKU exacto; conservar anterior.
TAGC3525C,Montescano,montescano,review,FALTA EN EXCEL ACTUALIZADO,FALTA FOTOGRAFÍA ACTUALIZADA,,,FALTA EN EXCEL ACTUALIZADO; REQUIERE REVISIÓN; FALTA FOTOGRAFÍA,Ausencia no prueba retiro; conservar publicación anterior. Falta foto nueva con SKU exacto; conservar anterior. Permanece oculto.
TAGC3525D,Montescano,montescano,review,FALTA EN EXCEL ACTUALIZADO,FALTA FOTOGRAFÍA ACTUALIZADA,,,FALTA EN EXCEL ACTUALIZADO; REQUIERE REVISIÓN; FALTA FOTOGRAFÍA,Ausencia no prueba retiro; conservar publicación anterior. Falta foto nueva con SKU exacto; conservar anterior. Permanece oculto.
TAGD06,Montescano,montescano,published,ENCONTRADO,VALIDADA,/products/tagd06.webp,TAGD06-1.jpg; TAGD06-2.jpg; TAGD06-3.jpg,ACTUALIZAR INFORMACIÓN; ACTUALIZAR FOTOGRAFÍA,Fuente INFO WEB Q:T. Disponibilidad comercial sin cantidades.
TAGD1060,Montescano,montescano,published,ENCONTRADO,VALIDADA,/products/tagd1060.webp,TAGD1060-1.jpg; TAGD1060-2.jpg; TAGD1060-3.jpg,ACTUALIZAR INFORMACIÓN; ACTUALIZAR FOTOGRAFÍA,Fuente INFO WEB Q:T. Disponibilidad comercial sin cantidades.
TAGD2328,MONTESCANO,,no existe,ENCONTRADO,CANDIDATA; REQUIERE REVISIÓN,,940X1215_0046_TAGD2328-4.jpg; 940X1215_0047_TAGD2328-3.jpg; 940X1215_0048_TAGD2328-2.jpg; TAGD2328-1 940X1215.jpg,NUEVO PRODUCTO; REQUIERE REVISIÓN,Alta interna oculta; categoría y variantes pendientes.
TAGD2329,,,no existe,ENCONTRADO,CANDIDATA; REQUIERE REVISIÓN,,940X1215_0018_TAGD2329-4.jpg; 940X1215_0019_TAGD2329-3.jpg; 940X1215_0020_TAGD2329-2.jpg; TAGD2329-1 940X1215.jpg,NUEVO PRODUCTO; REQUIERE REVISIÓN,Alta interna oculta; categoría y variantes pendientes.
TAGD3519,Montescano,montescano,published,ENCONTRADO,FALTA FOTOGRAFÍA ACTUALIZADA,/products/tagd3519.webp,,ACTUALIZAR INFORMACIÓN; FALTA FOTOGRAFÍA,Fuente INFO WEB Q:T. Disponibilidad comercial sin cantidades. Falta foto nueva con SKU exacto; conservar anterior.
TAGD3519A,Montescano,montescano,published,ENCONTRADO,FALTA FOTOGRAFÍA ACTUALIZADA,/products/tagd3519a.webp,,ACTUALIZAR INFORMACIÓN; FALTA FOTOGRAFÍA,Fuente INFO WEB Q:T. Disponibilidad comercial sin cantidades. Falta foto nueva con SKU exacto; conservar anterior.
TAGD3519B,Montescano,montescano,published,ENCONTRADO,FALTA FOTOGRAFÍA ACTUALIZADA,/products/tagd3519b.webp,,ACTUALIZAR INFORMACIÓN; FALTA FOTOGRAFÍA,Fuente INFO WEB Q:T. Disponibilidad comercial sin cantidades. Falta foto nueva con SKU exacto; conservar anterior.
TAGD3519C,Montescano,montescano,review,FALTA EN EXCEL ACTUALIZADO,FALTA FOTOGRAFÍA ACTUALIZADA,,,FALTA EN EXCEL ACTUALIZADO; REQUIERE REVISIÓN; FALTA FOTOGRAFÍA,Ausencia no prueba retiro; conservar publicación anterior. Falta foto nueva con SKU exacto; conservar anterior. Permanece oculto.
TAGD3519D,Montescano,montescano,review,FALTA EN EXCEL ACTUALIZADO,FALTA FOTOGRAFÍA ACTUALIZADA,,,FALTA EN EXCEL ACTUALIZADO; REQUIERE REVISIÓN; FALTA FOTOGRAFÍA,Ausencia no prueba retiro; conservar publicación anterior. Falta foto nueva con SKU exacto; conservar anterior. Permanece oculto.
TAGD3525,Montescano,montescano,published,ENCONTRADO,FALTA FOTOGRAFÍA ACTUALIZADA,/products/tagd3525.webp,,ACTUALIZAR INFORMACIÓN; FALTA FOTOGRAFÍA,Fuente INFO WEB Q:T. Disponibilidad comercial sin cantidades. Falta foto nueva con SKU exacto; conservar anterior.
TAGD3525A,Montescano,montescano,published,ENCONTRADO,FALTA FOTOGRAFÍA ACTUALIZADA,/products/tagd3525a.webp,,ACTUALIZAR INFORMACIÓN; FALTA FOTOGRAFÍA,Fuente INFO WEB Q:T. Disponibilidad comercial sin cantidades. Falta foto nueva con SKU exacto; conservar anterior.
TAGD3525B,Montescano,montescano,published,ENCONTRADO,FALTA FOTOGRAFÍA ACTUALIZADA,/products/tagd3525b.webp,,ACTUALIZAR INFORMACIÓN; FALTA FOTOGRAFÍA,Fuente INFO WEB Q:T. Disponibilidad comercial sin cantidades. Falta foto nueva con SKU exacto; conservar anterior.
TAGD3525C,Montescano,montescano,review,FALTA EN EXCEL ACTUALIZADO,FALTA FOTOGRAFÍA ACTUALIZADA,,,FALTA EN EXCEL ACTUALIZADO; REQUIERE REVISIÓN; FALTA FOTOGRAFÍA,Ausencia no prueba retiro; conservar publicación anterior. Falta foto nueva con SKU exacto; conservar anterior. Permanece oculto.
TAGD7038,Montescano,montescano,published,FALTA EN EXCEL ACTUALIZADO,VALIDADA,/products/tagd7038.webp,TAGD7038-1.jpg; TAGD7038-2.jpg; TAGD7038-3.jpg,FALTA EN EXCEL ACTUALIZADO; REQUIERE REVISIÓN; ACTUALIZAR FOTOGRAFÍA,Ausencia no prueba retiro; conservar publicación anterior.
TAGDB2205,Montescano,montescano,published,ENCONTRADO,VALIDADA,/products/tagdb2205.webp,TAGDB2205-1 940x1215.jpg; TAGDB2205-2 940x1215.jpg; TAGDB2205-3 940x1215.jpg,ACTUALIZAR INFORMACIÓN; ACTUALIZAR FOTOGRAFÍA,Fuente INFO WEB Q:T. Disponibilidad comercial sin cantidades.
TAGDD1083,Montescano,montescano,published,FALTA EN EXCEL ACTUALIZADO,VALIDADA,/products/tagdd1083.webp,TAGDD1083-1.jpg; TAGDD1083-2.jpg; TAGDD1083-3.jpg,FALTA EN EXCEL ACTUALIZADO; REQUIERE REVISIÓN; ACTUALIZAR FOTOGRAFÍA,Ausencia no prueba retiro; conservar publicación anterior.
TAIB01,,,no existe,ENCONTRADO,CANDIDATA; REQUIERE REVISIÓN,,TAIB01-1.jpg; TAIB01-2.jpg; TAIB01-3.jpg,NUEVO PRODUCTO; REQUIERE REVISIÓN,Alta interna oculta; categoría y variantes pendientes.
TAIB2202,Montescano,montescano,published,FALTA EN EXCEL ACTUALIZADO,VALIDADA,/products/taib2202.webp,TAIB2202-1 940x1215.jpg; TAIB2202-2 940x1215.jpg; TAIB2202-3 940x1215.jpg,FALTA EN EXCEL ACTUALIZADO; REQUIERE REVISIÓN; ACTUALIZAR FOTOGRAFÍA,Ausencia no prueba retiro; conservar publicación anterior.
TAIB7038,Montescano,montescano,published,FALTA EN EXCEL ACTUALIZADO,VALIDADA,/products/taib7038.webp,TAIB7038-1.jpg; TAIB7038-2.jpg; TAIB7038-3.jpg,FALTA EN EXCEL ACTUALIZADO; REQUIERE REVISIÓN; ACTUALIZAR FOTOGRAFÍA,Ausencia no prueba retiro; conservar publicación anterior.
TAIB7038A,Montescano,montescano,published,ENCONTRADO,FALTA FOTOGRAFÍA ACTUALIZADA,/products/taib7038a.webp,,ACTUALIZAR INFORMACIÓN; FALTA FOTOGRAFÍA,Fuente INFO WEB Q:T. Disponibilidad comercial sin cantidades. Falta foto nueva con SKU exacto; conservar anterior.
TAIC1231,Montescano,montescano,published,ENCONTRADO,FALTA FOTOGRAFÍA ACTUALIZADA,/products/taic1231.webp,,ACTUALIZAR INFORMACIÓN; FALTA FOTOGRAFÍA,Fuente INFO WEB Q:T. Disponibilidad comercial sin cantidades. Falta foto nueva con SKU exacto; conservar anterior.
TAIC6134,Montescano,montescano,published,ENCONTRADO,FALTA FOTOGRAFÍA ACTUALIZADA,/products/taic6134.webp,,ACTUALIZAR INFORMACIÓN; FALTA FOTOGRAFÍA,Fuente INFO WEB Q:T. Disponibilidad comercial sin cantidades. Falta foto nueva con SKU exacto; conservar anterior.
TAICA3898,,,no existe,ENCONTRADO,CANDIDATA; REQUIERE REVISIÓN,,TAICA3898-1.jpg; TAICA3898-2.jpg; TAICA3898-3.jpg,NUEVO PRODUCTO; REQUIERE REVISIÓN,Alta interna oculta; categoría y variantes pendientes.
TAICA64,,,no existe,ENCONTRADO,FALTA FOTOGRAFÍA ACTUALIZADA,,,NUEVO PRODUCTO; REQUIERE REVISIÓN; FALTA FOTOGRAFÍA,Alta interna oculta; categoría y variantes pendientes. Falta foto nueva con SKU exacto; conservar anterior.
TAICB07,,,no existe,ENCONTRADO,FALTA FOTOGRAFÍA ACTUALIZADA,,,NUEVO PRODUCTO; REQUIERE REVISIÓN; FALTA FOTOGRAFÍA,Alta interna oculta; categoría y variantes pendientes. Falta foto nueva con SKU exacto; conservar anterior.
TAICB1396,Montescano,montescano,published,ENCONTRADO,FALTA FOTOGRAFÍA ACTUALIZADA,/products/taicb1396.webp,,ACTUALIZAR INFORMACIÓN; FALTA FOTOGRAFÍA,Fuente INFO WEB Q:T. Disponibilidad comercial sin cantidades. Falta foto nueva con SKU exacto; conservar anterior.
TAICB43,Montescano,montescano,published,ENCONTRADO,VALIDADA,/products/taicb43.webp,TAICB43-1.jpg; TAICB43-3.jpg,ACTUALIZAR INFORMACIÓN; ACTUALIZAR FOTOGRAFÍA,Fuente INFO WEB Q:T. Disponibilidad comercial sin cantidades.
TAICB64,Montescano,montescano,published,ENCONTRADO,CANDIDATA; REQUIERE REVISIÓN,/products/taicb64.webp,TAICB64-1.jpg,CONFLICTO DE SKU; REQUIERE REVISIÓN,Foto nueva con logo BOSCH; no usar como producto genérico.
TAICG12,,,no existe,ENCONTRADO,CANDIDATA; REQUIERE REVISIÓN,,TAICG12-1 940x1215.jpg; TAICG12-2 940x1215.jpg; TAICG12-3 940x1215.jpg,NUEVO PRODUCTO; REQUIERE REVISIÓN,Alta interna oculta; categoría y variantes pendientes.
TAICG6068,,,no existe,ENCONTRADO,FALTA FOTOGRAFÍA ACTUALIZADA,,,NUEVO PRODUCTO; REQUIERE REVISIÓN; FALTA FOTOGRAFÍA,Alta interna oculta; categoría y variantes pendientes. Falta foto nueva con SKU exacto; conservar anterior.
TAICN07,,,no existe,ENCONTRADO,FALTA FOTOGRAFÍA ACTUALIZADA,,,NUEVO PRODUCTO; REQUIERE REVISIÓN; FALTA FOTOGRAFÍA,Alta interna oculta; categoría y variantes pendientes. Falta foto nueva con SKU exacto; conservar anterior.
TAICN1034,,,no existe,ENCONTRADO,CANDIDATA; REQUIERE REVISIÓN,,TAICN1034-1.jpg; TAICN1034-2.jpg; TAICN1034-3.jpg,NUEVO PRODUCTO; REQUIERE REVISIÓN,Alta interna oculta; categoría y variantes pendientes.
TAICN1396,,,no existe,ENCONTRADO,FALTA FOTOGRAFÍA ACTUALIZADA,,,NUEVO PRODUCTO; REQUIERE REVISIÓN; FALTA FOTOGRAFÍA,Alta interna oculta; categoría y variantes pendientes. Falta foto nueva con SKU exacto; conservar anterior.
TAICN59,,,no existe,ENCONTRADO,FALTA FOTOGRAFÍA ACTUALIZADA,,,NUEVO PRODUCTO; REQUIERE REVISIÓN; FALTA FOTOGRAFÍA,Alta interna oculta; categoría y variantes pendientes. Falta foto nueva con SKU exacto; conservar anterior.
TAICN64,,,no existe,ENCONTRADO,FALTA FOTOGRAFÍA ACTUALIZADA,,,NUEVO PRODUCTO; REQUIERE REVISIÓN; FALTA FOTOGRAFÍA,Alta interna oculta; categoría y variantes pendientes. Falta foto nueva con SKU exacto; conservar anterior.
TAICP11,,,no existe,ENCONTRADO,FALTA FOTOGRAFÍA ACTUALIZADA,,,NUEVO PRODUCTO; REQUIERE REVISIÓN; FALTA FOTOGRAFÍA,Alta interna oculta; categoría y variantes pendientes. Falta foto nueva con SKU exacto; conservar anterior.
TAICP59,,,no existe,ENCONTRADO,FALTA FOTOGRAFÍA ACTUALIZADA,,,NUEVO PRODUCTO; REQUIERE REVISIÓN; FALTA FOTOGRAFÍA,Alta interna oculta; categoría y variantes pendientes. Falta foto nueva con SKU exacto; conservar anterior.
TAICP61,,,no existe,ENCONTRADO,CANDIDATA; REQUIERE REVISIÓN,,TAICP61-1.jpg; TAICP61-2.jpg; TAICP61-3.jpg,NUEVO PRODUCTO; REQUIERE REVISIÓN,Alta interna oculta; categoría y variantes pendientes.
TAICP65,,,no existe,ENCONTRADO,CANDIDATA; REQUIERE REVISIÓN,,TAICP65-1.jpg; TAICP65-2.jpg; TAICP65-3.jpg,NUEVO PRODUCTO; REQUIERE REVISIÓN,Alta interna oculta; categoría y variantes pendientes.
TAID0836,Montescano,montescano,published,POSIBLE DUPLICADO,FALTA FOTOGRAFÍA ACTUALIZADA,/products/taid0836.webp,,POSIBLE DUPLICADO; REQUIERE REVISIÓN; FALTA FOTOGRAFÍA,No elegir una fila arbitrariamente. Falta foto nueva con SKU exacto; conservar anterior.
TAID41,Montescano,montescano,published,FALTA EN EXCEL ACTUALIZADO,FALTA FOTOGRAFÍA ACTUALIZADA,/products/taid41.webp,,FALTA EN EXCEL ACTUALIZADO; REQUIERE REVISIÓN; FALTA FOTOGRAFÍA,Ausencia no prueba retiro; conservar publicación anterior. Falta foto nueva con SKU exacto; conservar anterior.
TAID42,Montescano,montescano,published,FALTA EN EXCEL ACTUALIZADO,VALIDADA,/products/taid42.webp,TAID42-1.jpg; TAID42-2.jpg; TAID42-3.jpg,FALTA EN EXCEL ACTUALIZADO; REQUIERE REVISIÓN; ACTUALIZAR FOTOGRAFÍA,Ausencia no prueba retiro; conservar publicación anterior.
TAID4634,Montescano,montescano,published,ENCONTRADO,FALTA FOTOGRAFÍA ACTUALIZADA,/products/taid4634.webp,,ACTUALIZAR INFORMACIÓN; FALTA FOTOGRAFÍA,Fuente INFO WEB Q:T. Disponibilidad comercial sin cantidades. Falta foto nueva con SKU exacto; conservar anterior.
TAID6032,MONTESCANO,,no existe,ENCONTRADO,FALTA FOTOGRAFÍA ACTUALIZADA,,,NUEVO PRODUCTO; REQUIERE REVISIÓN; FALTA FOTOGRAFÍA,Alta interna oculta; categoría y variantes pendientes. Falta foto nueva con SKU exacto; conservar anterior.
TAID6131,MONTESCANO,,no existe,ENCONTRADO,FALTA FOTOGRAFÍA ACTUALIZADA,,,NUEVO PRODUCTO; REQUIERE REVISIÓN; FALTA FOTOGRAFÍA,Alta interna oculta; categoría y variantes pendientes. Falta foto nueva con SKU exacto; conservar anterior.
TAID6333,Montescano,montescano,published,ENCONTRADO,FALTA FOTOGRAFÍA ACTUALIZADA,/products/taid6333.webp,,FALTA FOTOGRAFÍA,Falta foto nueva con SKU exacto; conservar anterior.
TAID67,Montescano,montescano,published,FALTA EN EXCEL ACTUALIZADO,FALTA FOTOGRAFÍA ACTUALIZADA,/products/taid67.webp,,FALTA EN EXCEL ACTUALIZADO; REQUIERE REVISIÓN; FALTA FOTOGRAFÍA,Ausencia no prueba retiro; conservar publicación anterior. Falta foto nueva con SKU exacto; conservar anterior.
TAID69,Montescano,montescano,published,FALTA EN EXCEL ACTUALIZADO,FALTA FOTOGRAFÍA ACTUALIZADA,/products/taid69.webp,,FALTA EN EXCEL ACTUALIZADO; REQUIERE REVISIÓN; FALTA FOTOGRAFÍA,Ausencia no prueba retiro; conservar publicación anterior. Falta foto nueva con SKU exacto; conservar anterior.
TAID6937,MONTESCANO,,no existe,ENCONTRADO,FALTA FOTOGRAFÍA ACTUALIZADA,,,NUEVO PRODUCTO; REQUIERE REVISIÓN; FALTA FOTOGRAFÍA,Alta interna oculta; categoría y variantes pendientes. Falta foto nueva con SKU exacto; conservar anterior.
TAID9025,Montescano,montescano,published,ENCONTRADO,FALTA FOTOGRAFÍA ACTUALIZADA,/products/taid9025.webp,,ACTUALIZAR INFORMACIÓN; FALTA FOTOGRAFÍA,Fuente INFO WEB Q:T. Disponibilidad comercial sin cantidades. Falta foto nueva con SKU exacto; conservar anterior.
TAIDA2206,Montescano,montescano,published,ENCONTRADO,VALIDADA,/products/taida2206.webp,TAIDA2206-1 940x1215.jpg; TAIDA2206-2 940x1215.jpg; TAIDA2206-3 940x1215.jpg,ACTUALIZAR FOTOGRAFÍA,
TAIDB09,Montescano,montescano,published,FALTA EN EXCEL ACTUALIZADO,CANDIDATA; REQUIERE REVISIÓN,/products/taidb09.webp,TAIDB09-1 940X1215.jpg; TAIDB09-1.jpg; TAIDB09-2 940X1215.jpg; TAIDB09-2.jpg; TAIDB09-3 940X1215.jpg; TAIDB09-3.jpg; TAIDB09-4 940X1215.jpg; TAIDB09-4.jpg,FALTA EN EXCEL ACTUALIZADO; REQUIERE REVISIÓN; POSIBLE DUPLICADO,Ausencia no prueba retiro; conservar publicación anterior. Varios frontales; conservar imagen anterior.
TAIDB1090,Montescano,montescano,published,ENCONTRADO,CANDIDATA; REQUIERE REVISIÓN,/products/taidb1090.webp,TAIDB1090-1 940X1215.jpg; TAIDB1090-1.jpg; TAIDB1090-2 940X1215.jpg; TAIDB1090-2.jpg; TAIDB1090-3 940X1215.jpg; TAIDB1090-3.jpg,POSIBLE DUPLICADO; REQUIERE REVISIÓN; ACTUALIZAR INFORMACIÓN,Varios frontales; conservar imagen anterior. Fuente INFO WEB Q:T. Disponibilidad comercial sin cantidades.
TAIDB1396,Montescano,montescano,published,ENCONTRADO,FALTA FOTOGRAFÍA ACTUALIZADA,/products/taidb1396.webp,,ACTUALIZAR INFORMACIÓN; FALTA FOTOGRAFÍA,Fuente INFO WEB Q:T. Disponibilidad comercial sin cantidades. Falta foto nueva con SKU exacto; conservar anterior.
TAIDB64,Montescano,montescano,published,ENCONTRADO,FALTA FOTOGRAFÍA ACTUALIZADA,/products/taidb64.webp,,ACTUALIZAR INFORMACIÓN; FALTA FOTOGRAFÍA,Fuente INFO WEB Q:T. Disponibilidad comercial sin cantidades. Falta foto nueva con SKU exacto; conservar anterior.
TAIDB64A,Montescano,montescano,published,ENCONTRADO,FALTA FOTOGRAFÍA ACTUALIZADA,/products/taidb64a.webp,,ACTUALIZAR INFORMACIÓN; FALTA FOTOGRAFÍA,Fuente INFO WEB Q:T. Disponibilidad comercial sin cantidades. Falta foto nueva con SKU exacto; conservar anterior.
TAIDB76,Montescano,montescano,published,ENCONTRADO,CANDIDATA; REQUIERE REVISIÓN,/products/taidb76.webp,TAIDB76-1 940X1215.jpg; TAIDB76-1.jpg; TAIDB76-2 940X1215.jpg; TAIDB76-2.jpg; TAIDB76-3 940X1215.jpg; TAIDB76-3.jpg,POSIBLE DUPLICADO; REQUIERE REVISIÓN; ACTUALIZAR INFORMACIÓN,Varios frontales; conservar imagen anterior. Fuente INFO WEB Q:T. Disponibilidad comercial sin cantidades.
TAIDN04,Montescano,montescano,published,FALTA EN EXCEL ACTUALIZADO,CANDIDATA; REQUIERE REVISIÓN,/products/taidn04.webp,TAIDN04-1 940X1215.jpg; TAIDN04-1.jpg; TAIDN04-2 940X1215.jpg; TAIDN04-2.jpg; TAIDN04-3 940X1215.jpg; TAIDN04-3.jpg; TAIDN04-4 940X1215.jpg; TAIDN04-4.jpg,FALTA EN EXCEL ACTUALIZADO; REQUIERE REVISIÓN; POSIBLE DUPLICADO,Ausencia no prueba retiro; conservar publicación anterior. Varios frontales; conservar imagen anterior.
TAIDN09,Montescano,montescano,published,FALTA EN EXCEL ACTUALIZADO,CANDIDATA; REQUIERE REVISIÓN,/products/taidn09.webp,TAIDN09-1 940X1215.jpg; TAIDN09-1.jpg; TAIDN09-2 940X1215.jpg; TAIDN09-2.jpg; TAIDN09-3 940X1215.jpg; TAIDN09-3.jpg; TAIDN09-4 940X1215.jpg; TAIDN09-4.jpg,FALTA EN EXCEL ACTUALIZADO; REQUIERE REVISIÓN; POSIBLE DUPLICADO,Ausencia no prueba retiro; conservar publicación anterior. Varios frontales; conservar imagen anterior.
TAIDP4167A,Montescano,montescano,published,ENCONTRADO,FALTA FOTOGRAFÍA ACTUALIZADA,/products/taidp4167a.webp,,ACTUALIZAR INFORMACIÓN; FALTA FOTOGRAFÍA,Fuente INFO WEB Q:T. Disponibilidad comercial sin cantidades. Falta foto nueva con SKU exacto; conservar anterior.
TAIDP8004A,Montescano,montescano,published,ENCONTRADO,FALTA FOTOGRAFÍA ACTUALIZADA,/products/taidp8004a.webp,,ACTUALIZAR INFORMACIÓN; FALTA FOTOGRAFÍA,Fuente INFO WEB Q:T. Disponibilidad comercial sin cantidades. Falta foto nueva con SKU exacto; conservar anterior.
TAIDR1016,Montescano,montescano,published,ENCONTRADO,FALTA FOTOGRAFÍA ACTUALIZADA,/products/taidr1016.webp,,ACTUALIZAR INFORMACIÓN; FALTA FOTOGRAFÍA,Fuente INFO WEB Q:T. Disponibilidad comercial sin cantidades. Falta foto nueva con SKU exacto; conservar anterior.
TAIGD6068,Montescano,montescano,published,ENCONTRADO,FALTA FOTOGRAFÍA ACTUALIZADA,/products/taigd6068.webp,,ACTUALIZAR INFORMACIÓN; FALTA FOTOGRAFÍA,Fuente INFO WEB Q:T. Disponibilidad comercial sin cantidades. Falta foto nueva con SKU exacto; conservar anterior.
TAIGD6068A,Montescano,montescano,published,ENCONTRADO,FALTA FOTOGRAFÍA ACTUALIZADA,/products/taigd6068a.webp,,ACTUALIZAR INFORMACIÓN; FALTA FOTOGRAFÍA,Fuente INFO WEB Q:T. Disponibilidad comercial sin cantidades. Falta foto nueva con SKU exacto; conservar anterior.
TAIN2207,MONTESCANO,,no existe,ENCONTRADO,CANDIDATA; REQUIERE REVISIÓN,,TAIN2207-1 940x1215.jpg; TAIN2207-2 940x1215.jpg; TAIN2207-3 940x1215.jpg,NUEVO PRODUCTO; REQUIERE REVISIÓN,Alta interna oculta; categoría y variantes pendientes.
TAN6982,,,no existe,ENCONTRADO,FALTA FOTOGRAFÍA ACTUALIZADA,,,NUEVO PRODUCTO; REQUIERE REVISIÓN; FALTA FOTOGRAFÍA,Alta interna oculta; categoría y variantes pendientes. Falta foto nueva con SKU exacto; conservar anterior.
TAN6982B,MONTESCANO,,no existe,ENCONTRADO,CANDIDATA; REQUIERE REVISIÓN,,TAN6982B-1 940X1215.jpg; TAN6982B-2 940X1215.jpg; TAN6982B-3 940X1215.jpg,NUEVO PRODUCTO; REQUIERE REVISIÓN,Alta interna oculta; categoría y variantes pendientes.
TAN6982D,,,no existe,ENCONTRADO,FALTA FOTOGRAFÍA ACTUALIZADA,,,NUEVO PRODUCTO; REQUIERE REVISIÓN; FALTA FOTOGRAFÍA,Alta interna oculta; categoría y variantes pendientes. Falta foto nueva con SKU exacto; conservar anterior.
TAN6982N,,,no existe,ENCONTRADO,CANDIDATA; REQUIERE REVISIÓN,,TAN6982N-1 940X1215.jpg; TAN6982N-2 940X1215.jpg; TAN6982N-3 940X1215.jpg,NUEVO PRODUCTO; REQUIERE REVISIÓN,Alta interna oculta; categoría y variantes pendientes.
TAR7199C,MONTESCANO,,no existe,ENCONTRADO,FALTA FOTOGRAFÍA ACTUALIZADA,,,NUEVO PRODUCTO; REQUIERE REVISIÓN; FALTA FOTOGRAFÍA,Alta interna oculta; categoría y variantes pendientes. Falta foto nueva con SKU exacto; conservar anterior.
TAR7199D,MONTESCANO,,no existe,ENCONTRADO,FALTA FOTOGRAFÍA ACTUALIZADA,,,NUEVO PRODUCTO; REQUIERE REVISIÓN; FALTA FOTOGRAFÍA,Alta interna oculta; categoría y variantes pendientes. Falta foto nueva con SKU exacto; conservar anterior.
TARD2204,Montescano,montescano,published,ENCONTRADO,VALIDADA,/products/tard2204.webp,TARD2204-1 940x1215.jpg; TARD2204-2 940x1215.jpg; TARD2204-3 940x1215.jpg,ACTUALIZAR INFORMACIÓN; ACTUALIZAR FOTOGRAFÍA,Fuente INFO WEB Q:T. Disponibilidad comercial sin cantidades.
TARD5008,Montescano,montescano,published,ENCONTRADO,CANDIDATA; REQUIERE REVISIÓN,/products/tard5008.webp,TARD5008-1 940X1215.jpg; TARD5008-1.jpg; TARD5008-2 940X1215.jpg; TARD5008-3 940X1215.jpg,POSIBLE DUPLICADO; REQUIERE REVISIÓN; ACTUALIZAR INFORMACIÓN,Varios frontales; conservar imagen anterior. Fuente INFO WEB Q:T. Disponibilidad comercial sin cantidades.
TARD8005,Montescano,montescano,published,FALTA EN EXCEL ACTUALIZADO,VALIDADA,/products/tard8005.webp,TARD8005-1 940X1215.jpg; TARD8005-2 940X1215.jpg; TARD8005-2.jpg; TARD8005-3 940X1215.jpg; TARD8005-3.jpg,FALTA EN EXCEL ACTUALIZADO; REQUIERE REVISIÓN; ACTUALIZAR FOTOGRAFÍA,Ausencia no prueba retiro; conservar publicación anterior.
TASAC3521,Montescano,montescano,published,ENCONTRADO,FALTA FOTOGRAFÍA ACTUALIZADA,/products/tasac3521.webp,,ACTUALIZAR INFORMACIÓN; FALTA FOTOGRAFÍA,Fuente INFO WEB Q:T. Disponibilidad comercial sin cantidades. Falta foto nueva con SKU exacto; conservar anterior.
TASAD3521,Montescano,montescano,published,ENCONTRADO,FALTA FOTOGRAFÍA ACTUALIZADA,/products/tasad3521.webp,,ACTUALIZAR INFORMACIÓN; FALTA FOTOGRAFÍA,Fuente INFO WEB Q:T. Disponibilidad comercial sin cantidades. Falta foto nueva con SKU exacto; conservar anterior.
TASPC3520,Montescano,montescano,published,ENCONTRADO,FALTA FOTOGRAFÍA ACTUALIZADA,/products/taspc3520.webp,,ACTUALIZAR INFORMACIÓN; FALTA FOTOGRAFÍA,Fuente INFO WEB Q:T. Disponibilidad comercial sin cantidades. Falta foto nueva con SKU exacto; conservar anterior.
TASPC3521,Montescano,montescano,published,ENCONTRADO,FALTA FOTOGRAFÍA ACTUALIZADA,/products/taspc3521.webp,,ACTUALIZAR INFORMACIÓN; FALTA FOTOGRAFÍA,Fuente INFO WEB Q:T. Disponibilidad comercial sin cantidades. Falta foto nueva con SKU exacto; conservar anterior.
TASPD3520,Montescano,montescano,published,ENCONTRADO,FALTA FOTOGRAFÍA ACTUALIZADA,/products/taspd3520.webp,,ACTUALIZAR INFORMACIÓN; FALTA FOTOGRAFÍA,Fuente INFO WEB Q:T. Disponibilidad comercial sin cantidades. Falta foto nueva con SKU exacto; conservar anterior.
TASPD3521,Montescano,montescano,published,ENCONTRADO,FALTA FOTOGRAFÍA ACTUALIZADA,/products/taspd3521.webp,,ACTUALIZAR INFORMACIÓN; FALTA FOTOGRAFÍA,Fuente INFO WEB Q:T. Disponibilidad comercial sin cantidades. Falta foto nueva con SKU exacto; conservar anterior.
TASRC3520,Montescano,montescano,published,ENCONTRADO,FALTA FOTOGRAFÍA ACTUALIZADA,/products/tasrc3520.webp,,ACTUALIZAR INFORMACIÓN; FALTA FOTOGRAFÍA,Fuente INFO WEB Q:T. Disponibilidad comercial sin cantidades. Falta foto nueva con SKU exacto; conservar anterior.
TASRD3520,Montescano,montescano,published,ENCONTRADO,FALTA FOTOGRAFÍA ACTUALIZADA,/products/tasrd3520.webp,,ACTUALIZAR INFORMACIÓN; FALTA FOTOGRAFÍA,Fuente INFO WEB Q:T. Disponibilidad comercial sin cantidades. Falta foto nueva con SKU exacto; conservar anterior.
TASRD3521,Montescano,montescano,published,ENCONTRADO,FALTA FOTOGRAFÍA ACTUALIZADA,/products/tasrd3521.webp,,ACTUALIZAR INFORMACIÓN; FALTA FOTOGRAFÍA,Fuente INFO WEB Q:T. Disponibilidad comercial sin cantidades. Falta foto nueva con SKU exacto; conservar anterior.
TASTC3520,Montescano,montescano,published,ENCONTRADO,FALTA FOTOGRAFÍA ACTUALIZADA,/products/tastc3520.webp,,ACTUALIZAR INFORMACIÓN; FALTA FOTOGRAFÍA,Fuente INFO WEB Q:T. Disponibilidad comercial sin cantidades. Falta foto nueva con SKU exacto; conservar anterior.
TASTC3521,Montescano,montescano,published,ENCONTRADO,FALTA FOTOGRAFÍA ACTUALIZADA,/products/tastc3521.webp,,ACTUALIZAR INFORMACIÓN; FALTA FOTOGRAFÍA,Fuente INFO WEB Q:T. Disponibilidad comercial sin cantidades. Falta foto nueva con SKU exacto; conservar anterior.
TASTD3520,Montescano,montescano,published,ENCONTRADO,FALTA FOTOGRAFÍA ACTUALIZADA,/products/tastd3520.webp,,ACTUALIZAR INFORMACIÓN; FALTA FOTOGRAFÍA,Fuente INFO WEB Q:T. Disponibilidad comercial sin cantidades. Falta foto nueva con SKU exacto; conservar anterior.
TASTD3521,Montescano,montescano,published,ENCONTRADO,FALTA FOTOGRAFÍA ACTUALIZADA,/products/tastd3521.webp,,ACTUALIZAR INFORMACIÓN; FALTA FOTOGRAFÍA,Fuente INFO WEB Q:T. Disponibilidad comercial sin cantidades. Falta foto nueva con SKU exacto; conservar anterior.
TATD2327,Montescano,montescano,published,ENCONTRADO,FALTA FOTOGRAFÍA ACTUALIZADA,/products/tatd2327.webp,,FALTA FOTOGRAFÍA,Falta foto nueva con SKU exacto; conservar anterior.
TATDP2506,Montescano,montescano,published,ENCONTRADO,VALIDADA,/products/tatdp2506.webp,TATDP2506-1 940X1215.jpg; TATDP2506-2 940X1215.jpg; TATDP2506-3 940X1215.jpg,ACTUALIZAR FOTOGRAFÍA,
TATDP6052,Montescano,montescano,published,ENCONTRADO,VALIDADA,/products/tatdp6052.webp,TATDP6052-1 940X1215.jpg; TATDP6052-2 940X1215.jpg; TATDP6052-3 940X1215.jpg,ACTUALIZAR INFORMACIÓN; ACTUALIZAR FOTOGRAFÍA,Fuente INFO WEB Q:T. Disponibilidad comercial sin cantidades.
TATDP6052A,Montescano,montescano,published,ENCONTRADO,FALTA FOTOGRAFÍA ACTUALIZADA,/products/tatdp6052a.webp,,ACTUALIZAR INFORMACIÓN; FALTA FOTOGRAFÍA,Fuente INFO WEB Q:T. Disponibilidad comercial sin cantidades. Falta foto nueva con SKU exacto; conservar anterior.
TTCB3519,Montescano,montescano,published,ENCONTRADO,FALTA FOTOGRAFÍA ACTUALIZADA,/products/ttcb3519.webp,,ACTUALIZAR INFORMACIÓN; FALTA FOTOGRAFÍA,Fuente INFO WEB Q:T. Disponibilidad comercial sin cantidades. Falta foto nueva con SKU exacto; conservar anterior.
TTCB3519A,Montescano,montescano,published,ENCONTRADO,FALTA FOTOGRAFÍA ACTUALIZADA,/products/ttcb3519a.webp,,ACTUALIZAR INFORMACIÓN; FALTA FOTOGRAFÍA,Fuente INFO WEB Q:T. Disponibilidad comercial sin cantidades. Falta foto nueva con SKU exacto; conservar anterior.
TTCB3519B,Montescano,montescano,published,ENCONTRADO,FALTA FOTOGRAFÍA ACTUALIZADA,/products/ttcb3519b.webp,,ACTUALIZAR INFORMACIÓN; FALTA FOTOGRAFÍA,Fuente INFO WEB Q:T. Disponibilidad comercial sin cantidades. Falta foto nueva con SKU exacto; conservar anterior.
TTCB3519C,Montescano,montescano,review,FALTA EN EXCEL ACTUALIZADO,FALTA FOTOGRAFÍA ACTUALIZADA,,,FALTA EN EXCEL ACTUALIZADO; REQUIERE REVISIÓN; FALTA FOTOGRAFÍA,Ausencia no prueba retiro; conservar publicación anterior. Falta foto nueva con SKU exacto; conservar anterior. Permanece oculto.
TTCB3519D,Montescano,montescano,review,FALTA EN EXCEL ACTUALIZADO,FALTA FOTOGRAFÍA ACTUALIZADA,,,FALTA EN EXCEL ACTUALIZADO; REQUIERE REVISIÓN; FALTA FOTOGRAFÍA,Ausencia no prueba retiro; conservar publicación anterior. Falta foto nueva con SKU exacto; conservar anterior. Permanece oculto.
TTCB3525,Montescano,montescano,published,ENCONTRADO,FALTA FOTOGRAFÍA ACTUALIZADA,/products/ttcb3525.webp,,ACTUALIZAR INFORMACIÓN; FALTA FOTOGRAFÍA,Fuente INFO WEB Q:T. Disponibilidad comercial sin cantidades. Falta foto nueva con SKU exacto; conservar anterior.
TTCB3525A,Montescano,montescano,published,ENCONTRADO,FALTA FOTOGRAFÍA ACTUALIZADA,/products/ttcb3525a.webp,,ACTUALIZAR INFORMACIÓN; FALTA FOTOGRAFÍA,Fuente INFO WEB Q:T. Disponibilidad comercial sin cantidades. Falta foto nueva con SKU exacto; conservar anterior.
TTCB3525B,Montescano,montescano,published,ENCONTRADO,FALTA FOTOGRAFÍA ACTUALIZADA,/products/ttcb3525b.webp,,ACTUALIZAR INFORMACIÓN; FALTA FOTOGRAFÍA,Fuente INFO WEB Q:T. Disponibilidad comercial sin cantidades. Falta foto nueva con SKU exacto; conservar anterior.
TTCB3525C,Montescano,montescano,review,FALTA EN EXCEL ACTUALIZADO,FALTA FOTOGRAFÍA ACTUALIZADA,,,FALTA EN EXCEL ACTUALIZADO; REQUIERE REVISIÓN; FALTA FOTOGRAFÍA,Ausencia no prueba retiro; conservar publicación anterior. Falta foto nueva con SKU exacto; conservar anterior. Permanece oculto.
TTCB6985,Montescano,montescano,published,ENCONTRADO,VALIDADA,/products/ttcb6985.webp,TTCB6985-1 940X1215.jpg; TTCB6985-2 940X1215.jpg; TTCB6985-3 940X1215.jpg,ACTUALIZAR INFORMACIÓN; ACTUALIZAR FOTOGRAFÍA,Fuente INFO WEB Q:T. Disponibilidad comercial sin cantidades.
TTCB6985A,Montescano,montescano,published,ENCONTRADO,FALTA FOTOGRAFÍA ACTUALIZADA,/products/ttcb6985a.webp,,ACTUALIZAR INFORMACIÓN; FALTA FOTOGRAFÍA,Fuente INFO WEB Q:T. Disponibilidad comercial sin cantidades. Falta foto nueva con SKU exacto; conservar anterior.
TTDB3519,Montescano,montescano,published,ENCONTRADO,FALTA FOTOGRAFÍA ACTUALIZADA,/products/ttdb3519.webp,,ACTUALIZAR INFORMACIÓN; FALTA FOTOGRAFÍA,Fuente INFO WEB Q:T. Disponibilidad comercial sin cantidades. Falta foto nueva con SKU exacto; conservar anterior.
TTDB3519A,Montescano,montescano,published,ENCONTRADO,FALTA FOTOGRAFÍA ACTUALIZADA,/products/ttdb3519a.webp,,ACTUALIZAR INFORMACIÓN; FALTA FOTOGRAFÍA,Fuente INFO WEB Q:T. Disponibilidad comercial sin cantidades. Falta foto nueva con SKU exacto; conservar anterior.
TTDB3519B,Montescano,montescano,published,ENCONTRADO,FALTA FOTOGRAFÍA ACTUALIZADA,/products/ttdb3519b.webp,,ACTUALIZAR INFORMACIÓN; FALTA FOTOGRAFÍA,Fuente INFO WEB Q:T. Disponibilidad comercial sin cantidades. Falta foto nueva con SKU exacto; conservar anterior.
TTDB3519C,Montescano,montescano,review,FALTA EN EXCEL ACTUALIZADO,FALTA FOTOGRAFÍA ACTUALIZADA,,,FALTA EN EXCEL ACTUALIZADO; REQUIERE REVISIÓN; FALTA FOTOGRAFÍA,Ausencia no prueba retiro; conservar publicación anterior. Falta foto nueva con SKU exacto; conservar anterior. Permanece oculto.
TTDB3519D,Montescano,montescano,review,FALTA EN EXCEL ACTUALIZADO,FALTA FOTOGRAFÍA ACTUALIZADA,,,FALTA EN EXCEL ACTUALIZADO; REQUIERE REVISIÓN; FALTA FOTOGRAFÍA,Ausencia no prueba retiro; conservar publicación anterior. Falta foto nueva con SKU exacto; conservar anterior. Permanece oculto.
TTDB3525,Montescano,montescano,published,ENCONTRADO,FALTA FOTOGRAFÍA ACTUALIZADA,/products/ttdb3525.webp,,ACTUALIZAR INFORMACIÓN; FALTA FOTOGRAFÍA,Fuente INFO WEB Q:T. Disponibilidad comercial sin cantidades. Falta foto nueva con SKU exacto; conservar anterior.
TTDB3525A,Montescano,montescano,published,ENCONTRADO,FALTA FOTOGRAFÍA ACTUALIZADA,/products/ttdb3525a.webp,,ACTUALIZAR INFORMACIÓN; FALTA FOTOGRAFÍA,Fuente INFO WEB Q:T. Disponibilidad comercial sin cantidades. Falta foto nueva con SKU exacto; conservar anterior.
TTDB3525B,Montescano,montescano,published,ENCONTRADO,FALTA FOTOGRAFÍA ACTUALIZADA,/products/ttdb3525b.webp,,ACTUALIZAR INFORMACIÓN; FALTA FOTOGRAFÍA,Fuente INFO WEB Q:T. Disponibilidad comercial sin cantidades. Falta foto nueva con SKU exacto; conservar anterior.
TTDB3525C,Montescano,montescano,review,FALTA EN EXCEL ACTUALIZADO,FALTA FOTOGRAFÍA ACTUALIZADA,,,FALTA EN EXCEL ACTUALIZADO; REQUIERE REVISIÓN; FALTA FOTOGRAFÍA,Ausencia no prueba retiro; conservar publicación anterior. Falta foto nueva con SKU exacto; conservar anterior. Permanece oculto.
TTDB3525D,Montescano,montescano,review,FALTA EN EXCEL ACTUALIZADO,FALTA FOTOGRAFÍA ACTUALIZADA,,,FALTA EN EXCEL ACTUALIZADO; REQUIERE REVISIÓN; FALTA FOTOGRAFÍA,Ausencia no prueba retiro; conservar publicación anterior. Falta foto nueva con SKU exacto; conservar anterior. Permanece oculto.
TTDB6985,Montescano,montescano,published,ENCONTRADO,VALIDADA,/products/ttdb6985.webp,TTDB6985-1 940X1215.jpg; TTDB6985-2 940X1215.jpg; TTDB6985-3 940X1215.jpg,ACTUALIZAR INFORMACIÓN; ACTUALIZAR FOTOGRAFÍA,Fuente INFO WEB Q:T. Disponibilidad comercial sin cantidades.
TTDB6985A,Montescano,montescano,published,ENCONTRADO,FALTA FOTOGRAFÍA ACTUALIZADA,/products/ttdb6985a.webp,,ACTUALIZAR INFORMACIÓN; FALTA FOTOGRAFÍA,Fuente INFO WEB Q:T. Disponibilidad comercial sin cantidades. Falta foto nueva con SKU exacto; conservar anterior.
TTRGD3519,Montescano,montescano,published,ENCONTRADO,FALTA FOTOGRAFÍA ACTUALIZADA,/products/ttrgd3519.webp,,ACTUALIZAR INFORMACIÓN; FALTA FOTOGRAFÍA,Fuente INFO WEB Q:T. Disponibilidad comercial sin cantidades. Falta foto nueva con SKU exacto; conservar anterior.
TTRGD3519A,Montescano,montescano,published,ENCONTRADO,FALTA FOTOGRAFÍA ACTUALIZADA,/products/ttrgd3519a.webp,,ACTUALIZAR INFORMACIÓN; FALTA FOTOGRAFÍA,Fuente INFO WEB Q:T. Disponibilidad comercial sin cantidades. Falta foto nueva con SKU exacto; conservar anterior.
TTRGD3519B,Montescano,montescano,published,ENCONTRADO,FALTA FOTOGRAFÍA ACTUALIZADA,/products/ttrgd3519b.webp,,ACTUALIZAR INFORMACIÓN; FALTA FOTOGRAFÍA,Fuente INFO WEB Q:T. Disponibilidad comercial sin cantidades. Falta foto nueva con SKU exacto; conservar anterior.
TTRGD3519C,Montescano,montescano,review,FALTA EN EXCEL ACTUALIZADO,FALTA FOTOGRAFÍA ACTUALIZADA,,,FALTA EN EXCEL ACTUALIZADO; REQUIERE REVISIÓN; FALTA FOTOGRAFÍA,Ausencia no prueba retiro; conservar publicación anterior. Falta foto nueva con SKU exacto; conservar anterior. Permanece oculto.
TTRGD3519D,Montescano,montescano,review,FALTA EN EXCEL ACTUALIZADO,FALTA FOTOGRAFÍA ACTUALIZADA,,,FALTA EN EXCEL ACTUALIZADO; REQUIERE REVISIÓN; FALTA FOTOGRAFÍA,Ausencia no prueba retiro; conservar publicación anterior. Falta foto nueva con SKU exacto; conservar anterior. Permanece oculto.
TTRGD3525,Montescano,montescano,published,ENCONTRADO,FALTA FOTOGRAFÍA ACTUALIZADA,/products/ttrgd3525.webp,,ACTUALIZAR INFORMACIÓN; FALTA FOTOGRAFÍA,Fuente INFO WEB Q:T. Disponibilidad comercial sin cantidades. Falta foto nueva con SKU exacto; conservar anterior.
TTRGD3525A,Montescano,montescano,published,ENCONTRADO,FALTA FOTOGRAFÍA ACTUALIZADA,/products/ttrgd3525a.webp,,ACTUALIZAR INFORMACIÓN; FALTA FOTOGRAFÍA,Fuente INFO WEB Q:T. Disponibilidad comercial sin cantidades. Falta foto nueva con SKU exacto; conservar anterior.
TTRGD3525B,Montescano,montescano,published,ENCONTRADO,FALTA FOTOGRAFÍA ACTUALIZADA,/products/ttrgd3525b.webp,,ACTUALIZAR INFORMACIÓN; FALTA FOTOGRAFÍA,Fuente INFO WEB Q:T. Disponibilidad comercial sin cantidades. Falta foto nueva con SKU exacto; conservar anterior.
TTRGD3525C,Montescano,montescano,review,FALTA EN EXCEL ACTUALIZADO,FALTA FOTOGRAFÍA ACTUALIZADA,,,FALTA EN EXCEL ACTUALIZADO; REQUIERE REVISIÓN; FALTA FOTOGRAFÍA,Ausencia no prueba retiro; conservar publicación anterior. Falta foto nueva con SKU exacto; conservar anterior. Permanece oculto.
TTRGD3525D,Montescano,montescano,review,FALTA EN EXCEL ACTUALIZADO,FALTA FOTOGRAFÍA ACTUALIZADA,,,FALTA EN EXCEL ACTUALIZADO; REQUIERE REVISIÓN; FALTA FOTOGRAFÍA,Ausencia no prueba retiro; conservar publicación anterior. Falta foto nueva con SKU exacto; conservar anterior. Permanece oculto.
V3247AZ,Vizanti,vizanti,published,ENCONTRADO,FALTA FOTOGRAFÍA ACTUALIZADA,/products/v3247az.webp,,ACTUALIZAR INFORMACIÓN; FALTA FOTOGRAFÍA,Fuente INFO WEB Q:T. Disponibilidad comercial sin cantidades. Falta foto nueva con SKU exacto; conservar anterior.
V3247NE,Vizanti,vizanti,published,ENCONTRADO,FALTA FOTOGRAFÍA ACTUALIZADA,/products/v3247ne.webp,,ACTUALIZAR INFORMACIÓN; FALTA FOTOGRAFÍA,Fuente INFO WEB Q:T. Disponibilidad comercial sin cantidades. Falta foto nueva con SKU exacto; conservar anterior.
V3247RO,Vizanti,vizanti,published,ENCONTRADO,FALTA FOTOGRAFÍA ACTUALIZADA,/products/v3247ro.webp,,ACTUALIZAR INFORMACIÓN; FALTA FOTOGRAFÍA,Fuente INFO WEB Q:T. Disponibilidad comercial sin cantidades. Falta foto nueva con SKU exacto; conservar anterior.
V3247VO,Vizanti,vizanti,published,ENCONTRADO,FALTA FOTOGRAFÍA ACTUALIZADA,/products/v3247vo.webp,,ACTUALIZAR INFORMACIÓN; FALTA FOTOGRAFÍA,Fuente INFO WEB Q:T. Disponibilidad comercial sin cantidades. Falta foto nueva con SKU exacto; conservar anterior.
V3731AZ,Vizanti,vizanti,published,ENCONTRADO,FALTA FOTOGRAFÍA ACTUALIZADA,/products/v3731az.webp,,ACTUALIZAR INFORMACIÓN; FALTA FOTOGRAFÍA,Fuente INFO WEB Q:T. Disponibilidad comercial sin cantidades. Falta foto nueva con SKU exacto; conservar anterior.
V3731MG,Vizanti,vizanti,published,ENCONTRADO,FALTA FOTOGRAFÍA ACTUALIZADA,/products/v3731mg.webp,,ACTUALIZAR INFORMACIÓN; FALTA FOTOGRAFÍA,Fuente INFO WEB Q:T. Disponibilidad comercial sin cantidades. Falta foto nueva con SKU exacto; conservar anterior.
V3731NA,Vizanti,vizanti,published,ENCONTRADO,FALTA FOTOGRAFÍA ACTUALIZADA,/products/v3731na.webp,,ACTUALIZAR INFORMACIÓN; FALTA FOTOGRAFÍA,Fuente INFO WEB Q:T. Disponibilidad comercial sin cantidades. Falta foto nueva con SKU exacto; conservar anterior.
V3731RO,Vizanti,vizanti,published,ENCONTRADO,FALTA FOTOGRAFÍA ACTUALIZADA,/products/v3731ro.webp,,ACTUALIZAR INFORMACIÓN; FALTA FOTOGRAFÍA,Fuente INFO WEB Q:T. Disponibilidad comercial sin cantidades. Falta foto nueva con SKU exacto; conservar anterior.
V3779AZ,Vizanti,vizanti,published,ENCONTRADO,FALTA FOTOGRAFÍA ACTUALIZADA,/products/v3779az.webp,,ACTUALIZAR INFORMACIÓN; FALTA FOTOGRAFÍA,Fuente INFO WEB Q:T. Disponibilidad comercial sin cantidades. Falta foto nueva con SKU exacto; conservar anterior.
V3779CN,Vizanti,vizanti,published,ENCONTRADO,FALTA FOTOGRAFÍA ACTUALIZADA,/products/v3779cn.webp,,ACTUALIZAR INFORMACIÓN; FALTA FOTOGRAFÍA,Fuente INFO WEB Q:T. Disponibilidad comercial sin cantidades. Falta foto nueva con SKU exacto; conservar anterior.
V3779NE,Vizanti,vizanti,published,ENCONTRADO,FALTA FOTOGRAFÍA ACTUALIZADA,/products/v3779ne.webp,,ACTUALIZAR INFORMACIÓN; FALTA FOTOGRAFÍA,Fuente INFO WEB Q:T. Disponibilidad comercial sin cantidades. Falta foto nueva con SKU exacto; conservar anterior.
V3872AM,Vizanti,vizanti,published,ENCONTRADO,FALTA FOTOGRAFÍA ACTUALIZADA,/products/v3872am.webp,,ACTUALIZAR INFORMACIÓN; FALTA FOTOGRAFÍA,Fuente INFO WEB Q:T. Disponibilidad comercial sin cantidades. Falta foto nueva con SKU exacto; conservar anterior.
V3872AZ,Vizanti,vizanti,published,ENCONTRADO,FALTA FOTOGRAFÍA ACTUALIZADA,/products/v3872az.webp,,ACTUALIZAR INFORMACIÓN; FALTA FOTOGRAFÍA,Fuente INFO WEB Q:T. Disponibilidad comercial sin cantidades. Falta foto nueva con SKU exacto; conservar anterior.
V3872GR,Vizanti,vizanti,published,ENCONTRADO,FALTA FOTOGRAFÍA ACTUALIZADA,/products/v3872gr.webp,,ACTUALIZAR INFORMACIÓN; FALTA FOTOGRAFÍA,Fuente INFO WEB Q:T. Disponibilidad comercial sin cantidades. Falta foto nueva con SKU exacto; conservar anterior.
V3872NA,Vizanti,vizanti,published,ENCONTRADO,FALTA FOTOGRAFÍA ACTUALIZADA,/products/v3872na.webp,,ACTUALIZAR INFORMACIÓN; FALTA FOTOGRAFÍA,Fuente INFO WEB Q:T. Disponibilidad comercial sin cantidades. Falta foto nueva con SKU exacto; conservar anterior.
V3872RO,Vizanti,vizanti,published,ENCONTRADO,FALTA FOTOGRAFÍA ACTUALIZADA,/products/v3872ro.webp,,ACTUALIZAR INFORMACIÓN; FALTA FOTOGRAFÍA,Fuente INFO WEB Q:T. Disponibilidad comercial sin cantidades. Falta foto nueva con SKU exacto; conservar anterior.
VA2201,VIZANTI,,no existe,ENCONTRADO,CANDIDATA; REQUIERE REVISIÓN,,VA2201-1 940X1215.jpg; VA2201-2 940X1215.jpg; VA2201-3 940X1215.jpg,NUEVO PRODUCTO; REQUIERE REVISIÓN,Alta interna oculta; categoría y variantes pendientes.
VA2208,Vizanti,vizanti,published,FALTA EN EXCEL ACTUALIZADO,VALIDADA,/products/va2208.webp,VA2208-1 940x1215.jpg; VA2208-2 940x1215.jpg; VA2208-3 940x1215.jpg,FALTA EN EXCEL ACTUALIZADO; REQUIERE REVISIÓN; ACTUALIZAR FOTOGRAFÍA,Ausencia no prueba retiro; conservar publicación anterior.
VA9047,Vizanti,vizanti,published,ENCONTRADO,FALTA FOTOGRAFÍA ACTUALIZADA,/products/va9047.webp,,ACTUALIZAR INFORMACIÓN; FALTA FOTOGRAFÍA,Fuente INFO WEB Q:T. Disponibilidad comercial sin cantidades. Falta foto nueva con SKU exacto; conservar anterior.
VA9055,Vizanti,vizanti,published,FALTA EN EXCEL ACTUALIZADO,FALTA FOTOGRAFÍA ACTUALIZADA,/products/va9055.webp,,FALTA EN EXCEL ACTUALIZADO; REQUIERE REVISIÓN; FALTA FOTOGRAFÍA,Ausencia no prueba retiro; conservar publicación anterior. Falta foto nueva con SKU exacto; conservar anterior.
VAD2202AZ,Vizanti,vizanti,published,ENCONTRADO,FALTA FOTOGRAFÍA ACTUALIZADA,/products/vad2202az.webp,,ACTUALIZAR INFORMACIÓN; FALTA FOTOGRAFÍA,Fuente INFO WEB Q:T. Disponibilidad comercial sin cantidades. Falta foto nueva con SKU exacto; conservar anterior.
VAD2202VD,Vizanti,vizanti,published,ENCONTRADO,FALTA FOTOGRAFÍA ACTUALIZADA,/products/vad2202vd.webp,,ACTUALIZAR INFORMACIÓN; FALTA FOTOGRAFÍA,Fuente INFO WEB Q:T. Disponibilidad comercial sin cantidades. Falta foto nueva con SKU exacto; conservar anterior.
VAD2303PT,Vizanti,vizanti,published,ENCONTRADO,FALTA FOTOGRAFÍA ACTUALIZADA,/products/vad2303pt.webp,,ACTUALIZAR INFORMACIÓN; FALTA FOTOGRAFÍA,Fuente INFO WEB Q:T. Disponibilidad comercial sin cantidades. Falta foto nueva con SKU exacto; conservar anterior.
VAD2304TQ,Vizanti,vizanti,published,ENCONTRADO,FALTA FOTOGRAFÍA ACTUALIZADA,/products/vad2304tq.webp,,ACTUALIZAR INFORMACIÓN; FALTA FOTOGRAFÍA,Fuente INFO WEB Q:T. Disponibilidad comercial sin cantidades. Falta foto nueva con SKU exacto; conservar anterior.
VAD9376,Vizanti,vizanti,published,FALTA EN EXCEL ACTUALIZADO,VALIDADA,/products/vad9376.webp,VAD9376-1 940X1215.jpg; VAD9376-2 940X1215.jpg; VAD9376-3 940X1215.jpg; VAD9376-3.jpg; VAD9376-4 940X1215.jpg,FALTA EN EXCEL ACTUALIZADO; REQUIERE REVISIÓN; ACTUALIZAR FOTOGRAFÍA,Ausencia no prueba retiro; conservar publicación anterior.
VAD9377,Vizanti,vizanti,published,ENCONTRADO,VALIDADA,/products/vad9377.webp,VAD9377-1 940X1215.jpg; VAD9377-2 940X1215.jpg; VAD9377-3 940x1215.jpg; VAD9377-4 940x1215.jpg,ACTUALIZAR INFORMACIÓN; ACTUALIZAR FOTOGRAFÍA,Fuente INFO WEB Q:T. Disponibilidad comercial sin cantidades.
VAD9378,Vizanti,vizanti,published,FALTA EN EXCEL ACTUALIZADO,VALIDADA,/products/vad9378.webp,VAD9378-1 940x1215.jpg; VAD9378-2 940x1215.jpg; VAD9378-3 940x1215.jpg; VAD9378-4 940x1215.jpg,FALTA EN EXCEL ACTUALIZADO; REQUIERE REVISIÓN; ACTUALIZAR FOTOGRAFÍA,Ausencia no prueba retiro; conservar publicación anterior.
VADA9809,Vizanti,vizanti,published,ENCONTRADO,FALTA FOTOGRAFÍA ACTUALIZADA,/products/vada9809.webp,,ACTUALIZAR INFORMACIÓN; FALTA FOTOGRAFÍA,Fuente INFO WEB Q:T. Disponibilidad comercial sin cantidades. Falta foto nueva con SKU exacto; conservar anterior.
VADF2202DN,Vizanti,vizanti,published,FALTA EN EXCEL ACTUALIZADO,FALTA FOTOGRAFÍA ACTUALIZADA,/products/vadf2202dn.webp,,FALTA EN EXCEL ACTUALIZADO; REQUIERE REVISIÓN; FALTA FOTOGRAFÍA,Ausencia no prueba retiro; conservar publicación anterior. Falta foto nueva con SKU exacto; conservar anterior.
VADF2202GR,Vizanti,vizanti,published,FALTA EN EXCEL ACTUALIZADO,FALTA FOTOGRAFÍA ACTUALIZADA,/products/vadf2202gr.webp,,FALTA EN EXCEL ACTUALIZADO; REQUIERE REVISIÓN; FALTA FOTOGRAFÍA,Ausencia no prueba retiro; conservar publicación anterior. Falta foto nueva con SKU exacto; conservar anterior.
VADN9810,Vizanti,vizanti,published,FALTA EN EXCEL ACTUALIZADO,FALTA FOTOGRAFÍA ACTUALIZADA,/products/vadn9810.webp,,FALTA EN EXCEL ACTUALIZADO; REQUIERE REVISIÓN; FALTA FOTOGRAFÍA,Ausencia no prueba retiro; conservar publicación anterior. Falta foto nueva con SKU exacto; conservar anterior.
VC2202,VIZANTI,,no existe,ENCONTRADO,CANDIDATA; REQUIERE REVISIÓN,,VC2202-1 940X1215.jpg; VC2202-2 940X1215.jpg; VC2202-3 940X1215.jpg,NUEVO PRODUCTO; REQUIERE REVISIÓN,Alta interna oculta; categoría y variantes pendientes.
VC2895A,Vizanti,vizanti,published,ENCONTRADO,FALTA FOTOGRAFÍA ACTUALIZADA,/products/vc2895a.webp,,ACTUALIZAR INFORMACIÓN; FALTA FOTOGRAFÍA,Fuente INFO WEB Q:T. Disponibilidad comercial sin cantidades. Falta foto nueva con SKU exacto; conservar anterior.
VC2895G,Vizanti,vizanti,published,ENCONTRADO,FALTA FOTOGRAFÍA ACTUALIZADA,/products/vc2895g.webp,,ACTUALIZAR INFORMACIÓN; FALTA FOTOGRAFÍA,Fuente INFO WEB Q:T. Disponibilidad comercial sin cantidades. Falta foto nueva con SKU exacto; conservar anterior.
VC2895GA,Vizanti,vizanti,published,ENCONTRADO,FALTA FOTOGRAFÍA ACTUALIZADA,/products/vc2895ga.webp,,ACTUALIZAR INFORMACIÓN; FALTA FOTOGRAFÍA,Fuente INFO WEB Q:T. Disponibilidad comercial sin cantidades. Falta foto nueva con SKU exacto; conservar anterior.
VC2895N,Vizanti,vizanti,published,FALTA EN EXCEL ACTUALIZADO,FALTA FOTOGRAFÍA ACTUALIZADA,/products/vc2895n.webp,,FALTA EN EXCEL ACTUALIZADO; REQUIERE REVISIÓN; FALTA FOTOGRAFÍA,Ausencia no prueba retiro; conservar publicación anterior. Falta foto nueva con SKU exacto; conservar anterior.
VC3315AZ,Vizanti,vizanti,published,FALTA EN EXCEL ACTUALIZADO,FALTA FOTOGRAFÍA ACTUALIZADA,/products/vc3315az.webp,,FALTA EN EXCEL ACTUALIZADO; REQUIERE REVISIÓN; FALTA FOTOGRAFÍA,Ausencia no prueba retiro; conservar publicación anterior. Falta foto nueva con SKU exacto; conservar anterior.
VC3315GR,Vizanti,vizanti,published,FALTA EN EXCEL ACTUALIZADO,FALTA FOTOGRAFÍA ACTUALIZADA,/products/vc3315gr.webp,,FALTA EN EXCEL ACTUALIZADO; REQUIERE REVISIÓN; FALTA FOTOGRAFÍA,Ausencia no prueba retiro; conservar publicación anterior. Falta foto nueva con SKU exacto; conservar anterior.
VC3315ND,Vizanti,vizanti,published,FALTA EN EXCEL ACTUALIZADO,FALTA FOTOGRAFÍA ACTUALIZADA,/products/vc3315nd.webp,,FALTA EN EXCEL ACTUALIZADO; REQUIERE REVISIÓN; FALTA FOTOGRAFÍA,Ausencia no prueba retiro; conservar publicación anterior. Falta foto nueva con SKU exacto; conservar anterior.
VC3599A,Vizanti,vizanti,published,ENCONTRADO,FALTA FOTOGRAFÍA ACTUALIZADA,/products/vc3599a.webp,,ACTUALIZAR INFORMACIÓN; FALTA FOTOGRAFÍA,Fuente INFO WEB Q:T. Disponibilidad comercial sin cantidades. Falta foto nueva con SKU exacto; conservar anterior.
VC3599C,Vizanti,vizanti,published,ENCONTRADO,FALTA FOTOGRAFÍA ACTUALIZADA,/products/vc3599c.webp,,ACTUALIZAR INFORMACIÓN; FALTA FOTOGRAFÍA,Fuente INFO WEB Q:T. Disponibilidad comercial sin cantidades. Falta foto nueva con SKU exacto; conservar anterior.
VC3599N,Vizanti,vizanti,published,ENCONTRADO,FALTA FOTOGRAFÍA ACTUALIZADA,/products/vc3599n.webp,,ACTUALIZAR INFORMACIÓN; FALTA FOTOGRAFÍA,Fuente INFO WEB Q:T. Disponibilidad comercial sin cantidades. Falta foto nueva con SKU exacto; conservar anterior.
VC4002A,,,no existe,ENCONTRADO,FALTA FOTOGRAFÍA ACTUALIZADA,,,NUEVO PRODUCTO; REQUIERE REVISIÓN; FALTA FOTOGRAFÍA,Alta interna oculta; categoría y variantes pendientes. Falta foto nueva con SKU exacto; conservar anterior.
VC4002C,VIZANTI,,no existe,ENCONTRADO,FALTA FOTOGRAFÍA ACTUALIZADA,,,NUEVO PRODUCTO; REQUIERE REVISIÓN; FALTA FOTOGRAFÍA,Alta interna oculta; categoría y variantes pendientes. Falta foto nueva con SKU exacto; conservar anterior.
VC4002G,VIZANTI,,no existe,ENCONTRADO,FALTA FOTOGRAFÍA ACTUALIZADA,,,NUEVO PRODUCTO; REQUIERE REVISIÓN; FALTA FOTOGRAFÍA,Alta interna oculta; categoría y variantes pendientes. Falta foto nueva con SKU exacto; conservar anterior.
VC4002V,,,no existe,ENCONTRADO,FALTA FOTOGRAFÍA ACTUALIZADA,,,NUEVO PRODUCTO; REQUIERE REVISIÓN; FALTA FOTOGRAFÍA,Alta interna oculta; categoría y variantes pendientes. Falta foto nueva con SKU exacto; conservar anterior.
VC4056AZ,Vizanti,vizanti,published,ENCONTRADO,FALTA FOTOGRAFÍA ACTUALIZADA,/products/vc4056az.webp,,ACTUALIZAR INFORMACIÓN; FALTA FOTOGRAFÍA,Fuente INFO WEB Q:T. Disponibilidad comercial sin cantidades. Falta foto nueva con SKU exacto; conservar anterior.
VC4056CF,Vizanti,vizanti,published,ENCONTRADO,FALTA FOTOGRAFÍA ACTUALIZADA,/products/vc4056cf.webp,,ACTUALIZAR INFORMACIÓN; FALTA FOTOGRAFÍA,Fuente INFO WEB Q:T. Disponibilidad comercial sin cantidades. Falta foto nueva con SKU exacto; conservar anterior.
VC4056VD,Vizanti,vizanti,published,ENCONTRADO,FALTA FOTOGRAFÍA ACTUALIZADA,/products/vc4056vd.webp,,ACTUALIZAR INFORMACIÓN; FALTA FOTOGRAFÍA,Fuente INFO WEB Q:T. Disponibilidad comercial sin cantidades. Falta foto nueva con SKU exacto; conservar anterior.
VC4059AZ,Vizanti,vizanti,published,ENCONTRADO,FALTA FOTOGRAFÍA ACTUALIZADA,/products/vc4059az.webp,,ACTUALIZAR INFORMACIÓN; FALTA FOTOGRAFÍA,Fuente INFO WEB Q:T. Disponibilidad comercial sin cantidades. Falta foto nueva con SKU exacto; conservar anterior.
VC4059ND,Vizanti,vizanti,published,FALTA EN EXCEL ACTUALIZADO,FALTA FOTOGRAFÍA ACTUALIZADA,/products/vc4059nd.webp,,FALTA EN EXCEL ACTUALIZADO; REQUIERE REVISIÓN; FALTA FOTOGRAFÍA,Ausencia no prueba retiro; conservar publicación anterior. Falta foto nueva con SKU exacto; conservar anterior.
VC4059NP,Vizanti,vizanti,published,ENCONTRADO,FALTA FOTOGRAFÍA ACTUALIZADA,/products/vc4059np.webp,,ACTUALIZAR INFORMACIÓN; FALTA FOTOGRAFÍA,Fuente INFO WEB Q:T. Disponibilidad comercial sin cantidades. Falta foto nueva con SKU exacto; conservar anterior.
VC4331A,Vizanti,vizanti,published,ENCONTRADO,FALTA FOTOGRAFÍA ACTUALIZADA,/products/vc4331a.webp,,ACTUALIZAR INFORMACIÓN; FALTA FOTOGRAFÍA,Fuente INFO WEB Q:T. Disponibilidad comercial sin cantidades. Falta foto nueva con SKU exacto; conservar anterior.
VC4331N,Vizanti,vizanti,published,ENCONTRADO,FALTA FOTOGRAFÍA ACTUALIZADA,/products/vc4331n.webp,,ACTUALIZAR INFORMACIÓN; FALTA FOTOGRAFÍA,Fuente INFO WEB Q:T. Disponibilidad comercial sin cantidades. Falta foto nueva con SKU exacto; conservar anterior.
VC4331V,Vizanti,vizanti,published,ENCONTRADO,FALTA FOTOGRAFÍA ACTUALIZADA,/products/vc4331v.webp,,ACTUALIZAR INFORMACIÓN; FALTA FOTOGRAFÍA,Fuente INFO WEB Q:T. Disponibilidad comercial sin cantidades. Falta foto nueva con SKU exacto; conservar anterior.
VC4403A,Vizanti,vizanti,published,ENCONTRADO,FALTA FOTOGRAFÍA ACTUALIZADA,/products/vc4403a.webp,,ACTUALIZAR INFORMACIÓN; FALTA FOTOGRAFÍA,Fuente INFO WEB Q:T. Disponibilidad comercial sin cantidades. Falta foto nueva con SKU exacto; conservar anterior.
VC4403D,Vizanti,vizanti,published,ENCONTRADO,FALTA FOTOGRAFÍA ACTUALIZADA,/products/vc4403d.webp,,ACTUALIZAR INFORMACIÓN; FALTA FOTOGRAFÍA,Fuente INFO WEB Q:T. Disponibilidad comercial sin cantidades. Falta foto nueva con SKU exacto; conservar anterior.
VC4403G,Vizanti,vizanti,published,ENCONTRADO,FALTA FOTOGRAFÍA ACTUALIZADA,/products/vc4403g.webp,,ACTUALIZAR INFORMACIÓN; FALTA FOTOGRAFÍA,Fuente INFO WEB Q:T. Disponibilidad comercial sin cantidades. Falta foto nueva con SKU exacto; conservar anterior.
VC4403N,,,no existe,ENCONTRADO,FALTA FOTOGRAFÍA ACTUALIZADA,,,NUEVO PRODUCTO; REQUIERE REVISIÓN; FALTA FOTOGRAFÍA,Alta interna oculta; categoría y variantes pendientes. Falta foto nueva con SKU exacto; conservar anterior.
VC4403V,,,no existe,ENCONTRADO,FALTA FOTOGRAFÍA ACTUALIZADA,,,NUEVO PRODUCTO; REQUIERE REVISIÓN; FALTA FOTOGRAFÍA,Alta interna oculta; categoría y variantes pendientes. Falta foto nueva con SKU exacto; conservar anterior.
VC4404A,VIZANTI,,no existe,ENCONTRADO,FALTA FOTOGRAFÍA ACTUALIZADA,,,NUEVO PRODUCTO; REQUIERE REVISIÓN; FALTA FOTOGRAFÍA,Alta interna oculta; categoría y variantes pendientes. Falta foto nueva con SKU exacto; conservar anterior.
VC4404C,VIZANTI,,no existe,ENCONTRADO,FALTA FOTOGRAFÍA ACTUALIZADA,,,NUEVO PRODUCTO; REQUIERE REVISIÓN; FALTA FOTOGRAFÍA,Alta interna oculta; categoría y variantes pendientes. Falta foto nueva con SKU exacto; conservar anterior.
VC4404N,VIZANTI,,no existe,ENCONTRADO,FALTA FOTOGRAFÍA ACTUALIZADA,,,NUEVO PRODUCTO; REQUIERE REVISIÓN; FALTA FOTOGRAFÍA,Alta interna oculta; categoría y variantes pendientes. Falta foto nueva con SKU exacto; conservar anterior.
VC4405A,Vizanti,vizanti,published,ENCONTRADO,FALTA FOTOGRAFÍA ACTUALIZADA,/products/vc4405a.webp,,ACTUALIZAR INFORMACIÓN; FALTA FOTOGRAFÍA,Fuente INFO WEB Q:T. Disponibilidad comercial sin cantidades. Falta foto nueva con SKU exacto; conservar anterior.
VC4405G,Vizanti,vizanti,published,ENCONTRADO,FALTA FOTOGRAFÍA ACTUALIZADA,/products/vc4405g.webp,,ACTUALIZAR INFORMACIÓN; FALTA FOTOGRAFÍA,Fuente INFO WEB Q:T. Disponibilidad comercial sin cantidades. Falta foto nueva con SKU exacto; conservar anterior.
VC4405P,Vizanti,vizanti,published,ENCONTRADO,FALTA FOTOGRAFÍA ACTUALIZADA,/products/vc4405p.webp,,ACTUALIZAR INFORMACIÓN; FALTA FOTOGRAFÍA,Fuente INFO WEB Q:T. Disponibilidad comercial sin cantidades. Falta foto nueva con SKU exacto; conservar anterior.
VD2203,Vizanti,vizanti,published,FALTA EN EXCEL ACTUALIZADO,VALIDADA,/products/vd2203.webp,VD2203-1 940X1215.jpg; VD2203-2 940X1215.jpg; VD2203-3 940X1215.jpg,FALTA EN EXCEL ACTUALIZADO; REQUIERE REVISIÓN; ACTUALIZAR FOTOGRAFÍA,Ausencia no prueba retiro; conservar publicación anterior.
VDP5824,Vizanti,vizanti,published,FALTA EN EXCEL ACTUALIZADO,VALIDADA,/products/vdp5824.webp,VDP5824-1 940x1215.jpg; VDP5824-2 940x1215.jpg; VDP5824-3 940x1215.jpg,FALTA EN EXCEL ACTUALIZADO; REQUIERE REVISIÓN; ACTUALIZAR FOTOGRAFÍA,Ausencia no prueba retiro; conservar publicación anterior.
VG9045,Vizanti,vizanti,published,FALTA EN EXCEL ACTUALIZADO,VALIDADA,/products/vg9045.webp,VG9045-1 940x1215.jpg; VG9045-2 940x1215.jpg; VG9045-3 940x1215.jpg,FALTA EN EXCEL ACTUALIZADO; REQUIERE REVISIÓN; ACTUALIZAR FOTOGRAFÍA,Ausencia no prueba retiro; conservar publicación anterior.
VK201,Vizanti,kids,published,FALTA EN EXCEL ACTUALIZADO,FALTA FOTOGRAFÍA ACTUALIZADA,/products/vk201.webp,,FALTA EN EXCEL ACTUALIZADO; REQUIERE REVISIÓN; FALTA FOTOGRAFÍA,Ausencia no prueba retiro; conservar publicación anterior. Falta foto nueva con SKU exacto; conservar anterior.
VK2102SD,Vizanti,kids,published,ENCONTRADO,VALIDADA,/products/vk2102sd.webp,940X1215_0008_VK2102SD-4.jpg; 940X1215_0009_VK2102SD-3.jpg; 940X1215_0010_VK2102SD-2.jpg; VK2102SD-1 940X1215.jpg,ACTUALIZAR INFORMACIÓN; ACTUALIZAR FOTOGRAFÍA,Fuente INFO WEB Q:T. Disponibilidad comercial sin cantidades.
VK2122AR,Vizanti,kids,published,ENCONTRADO,VALIDADA,/products/vk2122ar.webp,940X1215_0004_VK2122AR-4.jpg; 940X1215_0005_VK2122AR-3.jpg; 940X1215_0006_VK2122AR-2.jpg; VK2122AR-1 940X1215.jpg,ACTUALIZAR INFORMACIÓN; ACTUALIZAR FOTOGRAFÍA,Fuente INFO WEB Q:T. Disponibilidad comercial sin cantidades.
VK2207ACR,Vizanti,kids,published,FALTA EN EXCEL ACTUALIZADO,VALIDADA,/products/vk2207acr.webp,940X1215_0012_VK2207ACR-4.jpg; 940X1215_0013_VK2207ACR-3.jpg; 940X1215_0014_VK2207ACR-2.jpg; VK2207ACR-1 940X1215.jpg,FALTA EN EXCEL ACTUALIZADO; REQUIERE REVISIÓN; ACTUALIZAR FOTOGRAFÍA,Ausencia no prueba retiro; conservar publicación anterior.
VK2207AFL,Vizanti,kids,published,FALTA EN EXCEL ACTUALIZADO,VALIDADA,/products/vk2207afl.webp,940X1215_0016_VK2207AFL-4.jpg; 940X1215_0017_VK2207AFL-3.jpg; 940X1215_0018_VK2207AFL-2.jpg; VK2207AFL-1 940X1215.jpg,FALTA EN EXCEL ACTUALIZADO; REQUIERE REVISIÓN; ACTUALIZAR FOTOGRAFÍA,Ausencia no prueba retiro; conservar publicación anterior.
VK2207AMP,Vizanti,kids,published,ENCONTRADO,VALIDADA,/products/vk2207amp.webp,940X1215_0024_VK2207AMP-4.jpg; 940X1215_0025_VK2207AMP-3.jpg; 940X1215_0026_VK2207AMP-2.jpg; VK2207AMP-1 940X1215.jpg,ACTUALIZAR INFORMACIÓN; ACTUALIZAR FOTOGRAFÍA,Fuente INFO WEB Q:T. Disponibilidad comercial sin cantidades.
VK2207OGN,Vizanti,kids,published,FALTA EN EXCEL ACTUALIZADO,VALIDADA,/products/vk2207ogn.webp,940X1215_0020_VK2207OGN-4.jpg; 940X1215_0021_VK2207OGN-3.jpg; 940X1215_0022_VK2207OGN-2.jpg; VK2207OGN-1 940X1215.jpg,FALTA EN EXCEL ACTUALIZADO; REQUIERE REVISIÓN; ACTUALIZAR FOTOGRAFÍA,Ausencia no prueba retiro; conservar publicación anterior.
VK221,Vizanti,kids,published,ENCONTRADO,FALTA FOTOGRAFÍA ACTUALIZADA,/products/vk221.webp,,ACTUALIZAR INFORMACIÓN; FALTA FOTOGRAFÍA,Fuente INFO WEB Q:T. Disponibilidad comercial sin cantidades. Falta foto nueva con SKU exacto; conservar anterior.
VK222R,Vizanti,kids,published,FALTA EN EXCEL ACTUALIZADO,FALTA FOTOGRAFÍA ACTUALIZADA,/products/vk222r.webp,,FALTA EN EXCEL ACTUALIZADO; REQUIERE REVISIÓN; FALTA FOTOGRAFÍA,Ausencia no prueba retiro; conservar publicación anterior. Falta foto nueva con SKU exacto; conservar anterior.
VK8225OSN,Vizanti,kids,published,FALTA EN EXCEL ACTUALIZADO,VALIDADA,/products/vk8225osn.webp,940X1215_0036_VK8225OSN-4.jpg; 940X1215_0037_VK8225OSN-3.jpg; 940X1215_0038_VK8225OSN-2.jpg; VK8225OSN-1 940X1215.jpg,FALTA EN EXCEL ACTUALIZADO; REQUIERE REVISIÓN; ACTUALIZAR FOTOGRAFÍA,Ausencia no prueba retiro; conservar publicación anterior.
VK8225OST,Vizanti,kids,published,ENCONTRADO,VALIDADA,/products/vk8225ost.webp,VK8225OST-1 940X1215.jpg,ACTUALIZAR INFORMACIÓN; ACTUALIZAR FOTOGRAFÍA,Fuente INFO WEB Q:T. Disponibilidad comercial sin cantidades.
VK8225OSV,Vizanti,kids,published,ENCONTRADO,VALIDADA,/products/vk8225osv.webp,940X1215_0028_VK8225OSV-4.jpg; 940X1215_0029_VK8225OSV-3.jpg; 940X1215_0030_VK8225OSV-2.jpg; VK8225OSV-1 940X1215.jpg,ACTUALIZAR INFORMACIÓN; ACTUALIZAR FOTOGRAFÍA,Fuente INFO WEB Q:T. Disponibilidad comercial sin cantidades.
VKA8206,Vizanti,kids,published,FALTA EN EXCEL ACTUALIZADO,VALIDADA,/products/vka8206.webp,VKA8206-1 940X1215.jpg; VKA8206-2 940X1215.jpg; VKA8206-3 940X1215.jpg,FALTA EN EXCEL ACTUALIZADO; REQUIERE REVISIÓN; ACTUALIZAR FOTOGRAFÍA,Ausencia no prueba retiro; conservar publicación anterior.
VKA8206EL,Vizanti,kids,published,ENCONTRADO,VALIDADA,/products/vka8206el.webp,940X1215_0001s_0003_VKA8206EL-1.jpg,ACTUALIZAR INFORMACIÓN; ACTUALIZAR FOTOGRAFÍA,Fuente INFO WEB Q:T. Disponibilidad comercial sin cantidades.
VKA8207FL,Vizanti,kids,published,ENCONTRADO,FALTA FOTOGRAFÍA ACTUALIZADA,/products/vka8207fl.webp,,ACTUALIZAR INFORMACIÓN; FALTA FOTOGRAFÍA,Fuente INFO WEB Q:T. Disponibilidad comercial sin cantidades. Falta foto nueva con SKU exacto; conservar anterior.
VKA8217CB,Vizanti,kids,published,ENCONTRADO,FALTA FOTOGRAFÍA ACTUALIZADA,/products/vka8217cb.webp,,ACTUALIZAR INFORMACIÓN; FALTA FOTOGRAFÍA,Fuente INFO WEB Q:T. Disponibilidad comercial sin cantidades. Falta foto nueva con SKU exacto; conservar anterior.
VKA8217HU,VIZANTI KIDS,,no existe,ENCONTRADO,FALTA FOTOGRAFÍA ACTUALIZADA,,,NUEVO PRODUCTO; REQUIERE REVISIÓN; FALTA FOTOGRAFÍA,Alta interna oculta; categoría y variantes pendientes. Falta foto nueva con SKU exacto; conservar anterior.
VKA8217LV,VIZANTI KIDS,,no existe,ENCONTRADO,FALTA FOTOGRAFÍA ACTUALIZADA,,,NUEVO PRODUCTO; REQUIERE REVISIÓN; FALTA FOTOGRAFÍA,Alta interna oculta; categoría y variantes pendientes. Falta foto nueva con SKU exacto; conservar anterior.
VKA8217SC,Vizanti,kids,published,ENCONTRADO,FALTA FOTOGRAFÍA ACTUALIZADA,/products/vka8217sc.webp,,ACTUALIZAR INFORMACIÓN; FALTA FOTOGRAFÍA,Fuente INFO WEB Q:T. Disponibilidad comercial sin cantidades. Falta foto nueva con SKU exacto; conservar anterior.
VKAAR8217,Vizanti,kids,published,ENCONTRADO,VALIDADA,/products/vkaar8217.webp,940X1215_0052_ VKAAR8217-4.jpg; 940X1215_0053_ VKAAR8217-3.jpg; 940X1215_0054_ VKAAR8217-2.jpg; VKAAR8217-1 940X1215.jpg,ACTUALIZAR INFORMACIÓN; ACTUALIZAR FOTOGRAFÍA,Fuente INFO WEB Q:T. Disponibilidad comercial sin cantidades.
VKAM8217,Vizanti,kids,published,ENCONTRADO,FALTA FOTOGRAFÍA ACTUALIZADA,/products/vkam8217.webp,,ACTUALIZAR INFORMACIÓN; FALTA FOTOGRAFÍA,Fuente INFO WEB Q:T. Disponibilidad comercial sin cantidades. Falta foto nueva con SKU exacto; conservar anterior.
VKAP8217,Vizanti,kids,published,FALTA EN EXCEL ACTUALIZADO,VALIDADA,/products/vkap8217.webp,949x1215_0000_VKAP8217-3.jpg; 949x1215_0001_VKAP8217-2.jpg; VKAP8217-1 949x1215.jpg,FALTA EN EXCEL ACTUALIZADO; REQUIERE REVISIÓN; ACTUALIZAR FOTOGRAFÍA,Ausencia no prueba retiro; conservar publicación anterior.
VKASD8217,Vizanti,kids,published,ENCONTRADO,VALIDADA,/products/vkasd8217.webp,940X1215_0048_VKASD8217-4.jpg; 940X1215_0049_VKASD8217-3.jpg; 940X1215_0050_VKASD8217-2.jpg; VKASD8217-1 940X1215.jpg,ACTUALIZAR INFORMACIÓN; ACTUALIZAR FOTOGRAFÍA,Fuente INFO WEB Q:T. Disponibilidad comercial sin cantidades.
VKAZ8207,Vizanti,kids,published,FALTA EN EXCEL ACTUALIZADO,VALIDADA,/products/vkaz8207.webp,VKAZ8207-1 940x1215.jpg; VKAZ8207-2 940x1215.jpg; VKAZ8207-3 940x1215.jpg,FALTA EN EXCEL ACTUALIZADO; REQUIERE REVISIÓN; ACTUALIZAR FOTOGRAFÍA,Ausencia no prueba retiro; conservar publicación anterior.
VKBT8217,Vizanti,kids,published,FALTA EN EXCEL ACTUALIZADO,FALTA FOTOGRAFÍA ACTUALIZADA,/products/vkbt8217.webp,,FALTA EN EXCEL ACTUALIZADO; REQUIERE REVISIÓN; FALTA FOTOGRAFÍA,Ausencia no prueba retiro; conservar publicación anterior. Falta foto nueva con SKU exacto; conservar anterior.
VKCA8217,Vizanti,kids,published,FALTA EN EXCEL ACTUALIZADO,FALTA FOTOGRAFÍA ACTUALIZADA,/products/vkca8217.webp,,FALTA EN EXCEL ACTUALIZADO; REQUIERE REVISIÓN; FALTA FOTOGRAFÍA,Ausencia no prueba retiro; conservar publicación anterior. Falta foto nueva con SKU exacto; conservar anterior.
VKCH8217,Vizanti,kids,published,ENCONTRADO,FALTA FOTOGRAFÍA ACTUALIZADA,/products/vkch8217.webp,,ACTUALIZAR INFORMACIÓN; FALTA FOTOGRAFÍA,Fuente INFO WEB Q:T. Disponibilidad comercial sin cantidades. Falta foto nueva con SKU exacto; conservar anterior.
VKCO2207,Vizanti,kids,published,ENCONTRADO,FALTA FOTOGRAFÍA ACTUALIZADA,/products/vkco2207.webp,,ACTUALIZAR INFORMACIÓN; FALTA FOTOGRAFÍA,Fuente INFO WEB Q:T. Disponibilidad comercial sin cantidades. Falta foto nueva con SKU exacto; conservar anterior.
VKDL8217,Vizanti,kids,published,ENCONTRADO,VALIDADA,/products/vkdl8217.webp,940X1215_0003_VKDL8217-2.jpg; VKDL8217-1 940X1215.jpg; VKDL8217-3 940X1215.jpg; VKDL8217-4 940X1215.jpg,ACTUALIZAR INFORMACIÓN; ACTUALIZAR FOTOGRAFÍA,Fuente INFO WEB Q:T. Disponibilidad comercial sin cantidades.
VKFT8225,Vizanti,kids,published,ENCONTRADO,FALTA FOTOGRAFÍA ACTUALIZADA,/products/vkft8225.webp,,ACTUALIZAR INFORMACIÓN; FALTA FOTOGRAFÍA,Fuente INFO WEB Q:T. Disponibilidad comercial sin cantidades. Falta foto nueva con SKU exacto; conservar anterior.
VKFU8220,Vizanti,kids,published,ENCONTRADO,FALTA FOTOGRAFÍA ACTUALIZADA,/products/vkfu8220.webp,,ACTUALIZAR INFORMACIÓN; FALTA FOTOGRAFÍA,Fuente INFO WEB Q:T. Disponibilidad comercial sin cantidades. Falta foto nueva con SKU exacto; conservar anterior.
VKL8206,Vizanti,kids,published,FALTA EN EXCEL ACTUALIZADO,VALIDADA,/products/vkl8206.webp,VKL8206-1 940X1215.jpg; VKL8206-2 940X1215.jpg; VKL8206-3 940X1215.jpg,FALTA EN EXCEL ACTUALIZADO; REQUIERE REVISIÓN; ACTUALIZAR FOTOGRAFÍA,Ausencia no prueba retiro; conservar publicación anterior.
VKL8217,Vizanti,kids,published,ENCONTRADO,VALIDADA,/products/vkl8217.webp,VKL8217-1 940X1215.jpg; VKL8217-2 940X1215.jpg; VKL8217-3 940X1215.jpg,ACTUALIZAR INFORMACIÓN; ACTUALIZAR FOTOGRAFÍA,Fuente INFO WEB Q:T. Disponibilidad comercial sin cantidades.
VKMM8217,Vizanti,kids,published,FALTA EN EXCEL ACTUALIZADO,FALTA FOTOGRAFÍA ACTUALIZADA,/products/vkmm8217.webp,,FALTA EN EXCEL ACTUALIZADO; REQUIERE REVISIÓN; FALTA FOTOGRAFÍA,Ausencia no prueba retiro; conservar publicación anterior. Falta foto nueva con SKU exacto; conservar anterior.
VKN8556,Vizanti,kids,published,ENCONTRADO,VALIDADA,/products/vkn8556.webp,VKN8556-1 940X1215.jpg; VKN8556-2 940X1215.jpg; VKN8556-3 940X1215.jpg,ACTUALIZAR INFORMACIÓN; ACTUALIZAR FOTOGRAFÍA,Fuente INFO WEB Q:T. Disponibilidad comercial sin cantidades.
VKN8557,Vizanti,kids,published,FALTA EN EXCEL ACTUALIZADO,VALIDADA,/products/vkn8557.webp,VKN8557-1 940x1215.jpg; VKN8557-2 940x1215.jpg; VKN8557-3 940x1215.jpg,FALTA EN EXCEL ACTUALIZADO; REQUIERE REVISIÓN; ACTUALIZAR FOTOGRAFÍA,Ausencia no prueba retiro; conservar publicación anterior.
VKNA8217,Vizanti,kids,published,ENCONTRADO,CANDIDATA; REQUIERE REVISIÓN,/products/vkna8217.webp,VKNA8217 940X1215-2.jpg; VKNA8217 940X1215-3.jpg; VKNA8217.jpg,ACTUALIZAR INFORMACIÓN,Fuente INFO WEB Q:T. Disponibilidad comercial sin cantidades.
VKNO8217,Vizanti,kids,published,FALTA EN EXCEL ACTUALIZADO,CANDIDATA; REQUIERE REVISIÓN,/products/vkno8217.webp,VKNO8217 920x1215-1.jpg; VKNO8217 920x1215-2.jpg; VKNO8217 920x1215-3.jpg,FALTA EN EXCEL ACTUALIZADO; REQUIERE REVISIÓN,Ausencia no prueba retiro; conservar publicación anterior.
VKNR8217,Vizanti,kids,published,FALTA EN EXCEL ACTUALIZADO,VALIDADA,/products/vknr8217.webp,949x1215_0003_VKNR8217-3.jpg; 949x1215_0004_VKNR8217-2.jpg; VKNR8217-1 949x1215.jpg,FALTA EN EXCEL ACTUALIZADO; REQUIERE REVISIÓN; ACTUALIZAR FOTOGRAFÍA,Ausencia no prueba retiro; conservar publicación anterior.
VKO2247MT,Vizanti,kids,published,ENCONTRADO,FALTA FOTOGRAFÍA ACTUALIZADA,/products/vko2247mt.webp,,ACTUALIZAR INFORMACIÓN; FALTA FOTOGRAFÍA,Fuente INFO WEB Q:T. Disponibilidad comercial sin cantidades. Falta foto nueva con SKU exacto; conservar anterior.
VKO2247MV,Vizanti,kids,published,ENCONTRADO,FALTA FOTOGRAFÍA ACTUALIZADA,/products/vko2247mv.webp,,ACTUALIZAR INFORMACIÓN; FALTA FOTOGRAFÍA,Fuente INFO WEB Q:T. Disponibilidad comercial sin cantidades. Falta foto nueva con SKU exacto; conservar anterior.
VKO8217BKT,Vizanti,kids,published,ENCONTRADO,FALTA FOTOGRAFÍA ACTUALIZADA,/products/vko8217bkt.webp,,ACTUALIZAR INFORMACIÓN; FALTA FOTOGRAFÍA,Fuente INFO WEB Q:T. Disponibilidad comercial sin cantidades. Falta foto nueva con SKU exacto; conservar anterior.
VKO8217CA,VIZANTI KIDS,,no existe,ENCONTRADO,FALTA FOTOGRAFÍA ACTUALIZADA,,,NUEVO PRODUCTO; REQUIERE REVISIÓN; FALTA FOTOGRAFÍA,Alta interna oculta; categoría y variantes pendientes. Falta foto nueva con SKU exacto; conservar anterior.
VKO8217FU,VIZANTI KIDS,,no existe,ENCONTRADO,FALTA FOTOGRAFÍA ACTUALIZADA,,,NUEVO PRODUCTO; REQUIERE REVISIÓN; FALTA FOTOGRAFÍA,Alta interna oculta; categoría y variantes pendientes. Falta foto nueva con SKU exacto; conservar anterior.
VKO8217TE,Vizanti,kids,published,ENCONTRADO,FALTA FOTOGRAFÍA ACTUALIZADA,/products/vko8217te.webp,,ACTUALIZAR INFORMACIÓN; FALTA FOTOGRAFÍA,Fuente INFO WEB Q:T. Disponibilidad comercial sin cantidades. Falta foto nueva con SKU exacto; conservar anterior.
VKONE8225,Vizanti,kids,published,ENCONTRADO,VALIDADA,/products/vkone8225.webp,940X1215_0032_VKONE8225-4.jpg; 940X1215_0033_VKONE8225-3.jpg; 940X1215_0034_VKONE8225-2.jpg; VKONE8225-1 940X1215.jpg,ACTUALIZAR INFORMACIÓN; ACTUALIZAR FOTOGRAFÍA,Fuente INFO WEB Q:T. Disponibilidad comercial sin cantidades.
VKONP8225,Vizanti,kids,published,ENCONTRADO,VALIDADA,/products/vkonp8225.webp,VKONP8225-1 940X1215.jpg; VKONP8225-2 940X1215.jpg; VKONP8225-3 940X1215.jpg; VKONP8225-4 940X1215.jpg,ACTUALIZAR INFORMACIÓN; ACTUALIZAR FOTOGRAFÍA,Fuente INFO WEB Q:T. Disponibilidad comercial sin cantidades.
VKPL8206,Vizanti,kids,published,FALTA EN EXCEL ACTUALIZADO,FALTA FOTOGRAFÍA ACTUALIZADA,/products/vkpl8206.webp,,FALTA EN EXCEL ACTUALIZADO; REQUIERE REVISIÓN; FALTA FOTOGRAFÍA,Ausencia no prueba retiro; conservar publicación anterior. Falta foto nueva con SKU exacto; conservar anterior.
VKPR8215P,Vizanti,kids,published,ENCONTRADO,FALTA FOTOGRAFÍA ACTUALIZADA,/products/vkpr8215p.webp,,ACTUALIZAR INFORMACIÓN; FALTA FOTOGRAFÍA,Fuente INFO WEB Q:T. Disponibilidad comercial sin cantidades. Falta foto nueva con SKU exacto; conservar anterior.
VKPR8215R,Vizanti,kids,published,ENCONTRADO,FALTA FOTOGRAFÍA ACTUALIZADA,/products/vkpr8215r.webp,,ACTUALIZAR INFORMACIÓN; FALTA FOTOGRAFÍA,Fuente INFO WEB Q:T. Disponibilidad comercial sin cantidades. Falta foto nueva con SKU exacto; conservar anterior.
VKPR8217,Vizanti,kids,published,FALTA EN EXCEL ACTUALIZADO,FALTA FOTOGRAFÍA ACTUALIZADA,/products/vkpr8217.webp,,FALTA EN EXCEL ACTUALIZADO; REQUIERE REVISIÓN; FALTA FOTOGRAFÍA,Ausencia no prueba retiro; conservar publicación anterior. Falta foto nueva con SKU exacto; conservar anterior.
VKR8201,Vizanti,kids,published,FALTA EN EXCEL ACTUALIZADO,VALIDADA,/products/vkr8201.webp,VKR8201-1 940x1215.jpg; VKR8201-2 940x1215.jpg; VKR8201-3 940x1215.jpg,FALTA EN EXCEL ACTUALIZADO; REQUIERE REVISIÓN; ACTUALIZAR FOTOGRAFÍA,Ausencia no prueba retiro; conservar publicación anterior.
VKR8207,Vizanti,kids,published,FALTA EN EXCEL ACTUALIZADO,VALIDADA,/products/vkr8207.webp,VKR8207-1 940x1215.jpg; VKR8207-2 940x1215.jpg; VKR8207-3 940x1215.jpg,FALTA EN EXCEL ACTUALIZADO; REQUIERE REVISIÓN; ACTUALIZAR FOTOGRAFÍA,Ausencia no prueba retiro; conservar publicación anterior.
VKR8556,Vizanti,kids,published,FALTA EN EXCEL ACTUALIZADO,VALIDADA,/products/vkr8556.webp,VKR8556-1 940X1215.jpg; VKR8556-2 940X1215.jpg; VKR8556-3 940X1215.jpg,FALTA EN EXCEL ACTUALIZADO; REQUIERE REVISIÓN; ACTUALIZAR FOTOGRAFÍA,Ausencia no prueba retiro; conservar publicación anterior.
VKRC8206,Vizanti,kids,published,FALTA EN EXCEL ACTUALIZADO,FALTA FOTOGRAFÍA ACTUALIZADA,/products/vkrc8206.webp,,FALTA EN EXCEL ACTUALIZADO; REQUIERE REVISIÓN; FALTA FOTOGRAFÍA,Ausencia no prueba retiro; conservar publicación anterior. Falta foto nueva con SKU exacto; conservar anterior.
VKRP2117,Vizanti,kids,published,FALTA EN EXCEL ACTUALIZADO,FALTA FOTOGRAFÍA ACTUALIZADA,/products/vkrp2117.webp,,FALTA EN EXCEL ACTUALIZADO; REQUIERE REVISIÓN; FALTA FOTOGRAFÍA,Ausencia no prueba retiro; conservar publicación anterior. Falta foto nueva con SKU exacto; conservar anterior.
VKSP8217,Vizanti,kids,published,FALTA EN EXCEL ACTUALIZADO,FALTA FOTOGRAFÍA ACTUALIZADA,/products/vksp8217.webp,,FALTA EN EXCEL ACTUALIZADO; REQUIERE REVISIÓN; FALTA FOTOGRAFÍA,Ausencia no prueba retiro; conservar publicación anterior. Falta foto nueva con SKU exacto; conservar anterior.
VKSPA8217,Vizanti,kids,published,FALTA EN EXCEL ACTUALIZADO,FALTA FOTOGRAFÍA ACTUALIZADA,/products/vkspa8217.webp,,FALTA EN EXCEL ACTUALIZADO; REQUIERE REVISIÓN; FALTA FOTOGRAFÍA,Ausencia no prueba retiro; conservar publicación anterior. Falta foto nueva con SKU exacto; conservar anterior.
VKSPE8217,Vizanti,kids,published,FALTA EN EXCEL ACTUALIZADO,FALTA FOTOGRAFÍA ACTUALIZADA,/products/vkspe8217.webp,,FALTA EN EXCEL ACTUALIZADO; REQUIERE REVISIÓN; FALTA FOTOGRAFÍA,Ausencia no prueba retiro; conservar publicación anterior. Falta foto nueva con SKU exacto; conservar anterior.
VKTB8217,Vizanti,kids,published,FALTA EN EXCEL ACTUALIZADO,FALTA FOTOGRAFÍA ACTUALIZADA,/products/vktb8217.webp,,FALTA EN EXCEL ACTUALIZADO; REQUIERE REVISIÓN; FALTA FOTOGRAFÍA,Ausencia no prueba retiro; conservar publicación anterior. Falta foto nueva con SKU exacto; conservar anterior.
VKUN2207,Vizanti,kids,published,ENCONTRADO,FALTA FOTOGRAFÍA ACTUALIZADA,/products/vkun2207.webp,,ACTUALIZAR INFORMACIÓN; FALTA FOTOGRAFÍA,Fuente INFO WEB Q:T. Disponibilidad comercial sin cantidades. Falta foto nueva con SKU exacto; conservar anterior.
VKUN8220,Vizanti,kids,published,FALTA EN EXCEL ACTUALIZADO,FALTA FOTOGRAFÍA ACTUALIZADA,/products/vkun8220.webp,,FALTA EN EXCEL ACTUALIZADO; REQUIERE REVISIÓN; FALTA FOTOGRAFÍA,Ausencia no prueba retiro; conservar publicación anterior. Falta foto nueva con SKU exacto; conservar anterior.
VN2258,Vizanti,vizanti,published,FALTA EN EXCEL ACTUALIZADO,VALIDADA,/products/vn2258.webp,VN2258-1 940x1215.jpg; VN2258-2 940x1215.jpg,FALTA EN EXCEL ACTUALIZADO; REQUIERE REVISIÓN; ACTUALIZAR FOTOGRAFÍA,Ausencia no prueba retiro; conservar publicación anterior.
VN5588,Vizanti,vizanti,published,ENCONTRADO,VALIDADA,/products/vn5588.webp,VN5588-1 940x1215.jpg; VN5588-2 940x1215.jpg; VN5588-3 940x1215.jpg; VN5588-4 940x1215.jpg,ACTUALIZAR INFORMACIÓN; ACTUALIZAR FOTOGRAFÍA,Fuente INFO WEB Q:T. Disponibilidad comercial sin cantidades.
VN5895,Vizanti,vizanti,published,FALTA EN EXCEL ACTUALIZADO,FALTA FOTOGRAFÍA ACTUALIZADA,/products/vn5895.webp,,FALTA EN EXCEL ACTUALIZADO; REQUIERE REVISIÓN; FALTA FOTOGRAFÍA,Ausencia no prueba retiro; conservar publicación anterior. Falta foto nueva con SKU exacto; conservar anterior.
VP5894,Vizanti,vizanti,published,FALTA EN EXCEL ACTUALIZADO,VALIDADA,/products/vp5894.webp,VP5894-1 940x1215.jpg; VP5894-2 940x1215.jpg; VP5894-3 940x1215.jpg,FALTA EN EXCEL ACTUALIZADO; REQUIERE REVISIÓN; ACTUALIZAR FOTOGRAFÍA,Ausencia no prueba retiro; conservar publicación anterior.
VR5700,Vizanti,vizanti,unpublished,FALTA EN EXCEL ACTUALIZADO,FALTA FOTOGRAFÍA ACTUALIZADA,,,FALTA EN EXCEL ACTUALIZADO; REQUIERE REVISIÓN; CONFLICTO DE SKU; FALTA FOTOGRAFÍA,Ausencia no prueba retiro; conservar publicación anterior. Asociación histórica ambigua. Mantener oculto hasta validar foto. Falta foto nueva con SKU exacto; conservar anterior. Permanece oculto.
VR5850,Vizanti,vizanti,unpublished,FALTA EN EXCEL ACTUALIZADO,CANDIDATA; REQUIERE REVISIÓN,,VR5850-1 940x1215.jpg; VR5850-2 940x1215.jpg; VR5850-3 940x1215.jpg,FALTA EN EXCEL ACTUALIZADO; REQUIERE REVISIÓN; CONFLICTO DE SKU,Ausencia no prueba retiro; conservar publicación anterior. Linda confirma rojo; fotos azules con nombre incorrecto. Mantener oculto. Permanece oculto.
VR5900,VIZANTI,,no existe,ENCONTRADO,CANDIDATA; REQUIERE REVISIÓN,,VR5900-1 940x1215.jpg; VR5900-2 940x1215.jpg; VR5900-3 940x1215.jpg,NUEVO PRODUCTO; REQUIERE REVISIÓN,Alta interna oculta; categoría y variantes pendientes.
VSCA218,Vizanti,vizanti,published,FALTA EN EXCEL ACTUALIZADO,FALTA FOTOGRAFÍA ACTUALIZADA,/products/vsca218.webp,,FALTA EN EXCEL ACTUALIZADO; REQUIERE REVISIÓN; FALTA FOTOGRAFÍA,Ausencia no prueba retiro; conservar publicación anterior. Falta foto nueva con SKU exacto; conservar anterior.
VSCA337,Vizanti,vizanti,published,FALTA EN EXCEL ACTUALIZADO,FALTA FOTOGRAFÍA ACTUALIZADA,/products/vsca337.webp,,FALTA EN EXCEL ACTUALIZADO; REQUIERE REVISIÓN; FALTA FOTOGRAFÍA,Ausencia no prueba retiro; conservar publicación anterior. Falta foto nueva con SKU exacto; conservar anterior.
VSCA349,Vizanti,vizanti,published,FALTA EN EXCEL ACTUALIZADO,FALTA FOTOGRAFÍA ACTUALIZADA,/products/vsca349.webp,,FALTA EN EXCEL ACTUALIZADO; REQUIERE REVISIÓN; FALTA FOTOGRAFÍA,Ausencia no prueba retiro; conservar publicación anterior. Falta foto nueva con SKU exacto; conservar anterior.
VSCA8835,Vizanti,vizanti,published,ENCONTRADO,FALTA FOTOGRAFÍA ACTUALIZADA,/products/vsca8835.webp,,ACTUALIZAR INFORMACIÓN; FALTA FOTOGRAFÍA,Fuente INFO WEB Q:T. Disponibilidad comercial sin cantidades. Falta foto nueva con SKU exacto; conservar anterior.
VSCA8856,VIZANTI,,no existe,ENCONTRADO,FALTA FOTOGRAFÍA ACTUALIZADA,,,NUEVO PRODUCTO; REQUIERE REVISIÓN; FALTA FOTOGRAFÍA,Alta interna oculta; categoría y variantes pendientes. Falta foto nueva con SKU exacto; conservar anterior.
VSCR337,Vizanti,vizanti,published,FALTA EN EXCEL ACTUALIZADO,FALTA FOTOGRAFÍA ACTUALIZADA,/products/vscr337.webp,,FALTA EN EXCEL ACTUALIZADO; REQUIERE REVISIÓN; FALTA FOTOGRAFÍA,Ausencia no prueba retiro; conservar publicación anterior. Falta foto nueva con SKU exacto; conservar anterior.
VSDL2109,Vizanti,vizanti,published,ENCONTRADO,FALTA FOTOGRAFÍA ACTUALIZADA,/products/vsdl2109.webp,,ACTUALIZAR INFORMACIÓN; FALTA FOTOGRAFÍA,Fuente INFO WEB Q:T. Disponibilidad comercial sin cantidades. Falta foto nueva con SKU exacto; conservar anterior.
VSDN348,Vizanti,vizanti,published,FALTA EN EXCEL ACTUALIZADO,FALTA FOTOGRAFÍA ACTUALIZADA,/products/vsdn348.webp,,FALTA EN EXCEL ACTUALIZADO; REQUIERE REVISIÓN; FALTA FOTOGRAFÍA,Ausencia no prueba retiro; conservar publicación anterior. Falta foto nueva con SKU exacto; conservar anterior.
VSDR218,Vizanti,vizanti,published,FALTA EN EXCEL ACTUALIZADO,FALTA FOTOGRAFÍA ACTUALIZADA,/products/vsdr218.webp,,FALTA EN EXCEL ACTUALIZADO; REQUIERE REVISIÓN; FALTA FOTOGRAFÍA,Ausencia no prueba retiro; conservar publicación anterior. Falta foto nueva con SKU exacto; conservar anterior.
VSDT218,Vizanti,vizanti,published,FALTA EN EXCEL ACTUALIZADO,FALTA FOTOGRAFÍA ACTUALIZADA,/products/vsdt218.webp,,FALTA EN EXCEL ACTUALIZADO; REQUIERE REVISIÓN; FALTA FOTOGRAFÍA,Ausencia no prueba retiro; conservar publicación anterior. Falta foto nueva con SKU exacto; conservar anterior.
VSW54N,Vizanti,smart-watch,published,ENCONTRADO,FALTA FOTOGRAFÍA ACTUALIZADA,/products/vsw54n.webp,,ACTUALIZAR INFORMACIÓN; FALTA FOTOGRAFÍA,Fuente INFO WEB Q:T. Disponibilidad comercial sin cantidades. Falta foto nueva con SKU exacto; conservar anterior.
VSW54P,Vizanti,smart-watch,published,ENCONTRADO,FALTA FOTOGRAFÍA ACTUALIZADA,/products/vsw54p.webp,,ACTUALIZAR INFORMACIÓN; FALTA FOTOGRAFÍA,Fuente INFO WEB Q:T. Disponibilidad comercial sin cantidades. Falta foto nueva con SKU exacto; conservar anterior.
VSW54R,Vizanti,smart-watch,published,ENCONTRADO,FALTA FOTOGRAFÍA ACTUALIZADA,/products/vsw54r.webp,,ACTUALIZAR INFORMACIÓN; FALTA FOTOGRAFÍA,Fuente INFO WEB Q:T. Disponibilidad comercial sin cantidades. Falta foto nueva con SKU exacto; conservar anterior.
VSW54V,Vizanti,smart-watch,published,ENCONTRADO,FALTA FOTOGRAFÍA ACTUALIZADA,/products/vsw54v.webp,,ACTUALIZAR INFORMACIÓN; FALTA FOTOGRAFÍA,Fuente INFO WEB Q:T. Disponibilidad comercial sin cantidades. Falta foto nueva con SKU exacto; conservar anterior.
WF01,,,no existe,ENCONTRADO,FALTA FOTOGRAFÍA ACTUALIZADA,,,NUEVO PRODUCTO; REQUIERE REVISIÓN; FALTA FOTOGRAFÍA,Alta interna oculta; categoría y variantes pendientes. Falta foto nueva con SKU exacto; conservar anterior.
WF02,,,no existe,ENCONTRADO,FALTA FOTOGRAFÍA ACTUALIZADA,,,NUEVO PRODUCTO; REQUIERE REVISIÓN; FALTA FOTOGRAFÍA,Alta interna oculta; categoría y variantes pendientes. Falta foto nueva con SKU exacto; conservar anterior.
WF03,Montescano,montescano,published,FALTA EN EXCEL ACTUALIZADO,CANDIDATA; REQUIERE REVISIÓN,/products/wf03.webp,WF03-1 940x1215.jpg; WF03-2 940x1215.jpg; WF03-3 940x1215.jpg,FALTA EN EXCEL ACTUALIZADO; REQUIERE REVISIÓN; CONFLICTO DE SKU,Ausencia no prueba retiro; conservar publicación anterior. Correa nueva distinta; confirmar variante.
WFA03,Montescano,montescano,published,FALTA EN EXCEL ACTUALIZADO,CANDIDATA; REQUIERE REVISIÓN,/products/wfa03.webp,WFA03-1 940x1215.jpg; WFA03-2 940x1215.jpg; WFA03-3 940x1215.jpg,FALTA EN EXCEL ACTUALIZADO; REQUIERE REVISIÓN; CONFLICTO DE SKU,Ausencia no prueba retiro; conservar publicación anterior. Foto rosa y catálogo turquesa; confirmar variante.
WFN5896,,,no existe,ENCONTRADO,FALTA FOTOGRAFÍA ACTUALIZADA,,,NUEVO PRODUCTO; REQUIERE REVISIÓN; FALTA FOTOGRAFÍA,Alta interna oculta; categoría y variantes pendientes. Falta foto nueva con SKU exacto; conservar anterior.
